"Year","Month","EVENTS.begin_date","EVENTS.begin_time_UTC","state.abb","series.id","fcc.county.FIPS","fcc.county.name","EVENTS.begin_lat","EVENTS.begin_lon","EVENTS.wfo","adjusted2009damage_value","adj.dmg.tot","unemp","adj.dmg.pcapita","geo.id","county","state.name","pop_est"
2010,1,2010-01-20,0,"ca","LAUCN060590000000003","06059","orange",33.8651,-118.0305,"SGX",50818.2847750639,147579.29,"10.1",0.0489,"0500000US06059","Orange County","California",3010232
2010,1,2010-01-18,2200,"ca","LAUCN060590000000003","06059","orange",33.7069,-117.8575,"SGX",101636.569550128,147579.29,"10.1",0.0489,"0500000US06059","Orange County","California",3010232
2010,1,2010-01-21,1500,"ca","LAUCN060650000000003","06065","riverside",33.9026,-116.6803,"SGX",101636.569550128,98386.19,"14.0",0.04467,"0500000US06065","Riverside County","California",2189641
2010,1,2010-01-19,2230,"ca","LAUCN060710000000003","06071","san bernardino",34.0829,-117.4466,"SGX",76227.4271625959,73789.65,"13.7",0.03614,"0500000US06071","San Bernardino County","California",2035210
2010,1,2010-01-20,845,"nv","LAUCN320030000000003","32003","clark",36.1741,-115.0645,"VEF",15245.4854325192,14757.93,"13.5",0.00756,"0500000US32003","Clark County","Nevada",1951269
2010,1,2010-01-25,500,"nc","LAUCN371490000000003","37149","polk",35.252,-82.197,"GSP",71145.5986850895,68870.34,"11.8",3.3684,"0500000US37149","Polk County","North Carolina",20510
2010,10,2010-10-05,2020,"az","LAUCN040130000000003","04013","maricopa",33.29,-111.84,"PSR",0,49193.1,"9.1",0.01287,"0500000US04013","Maricopa County","Arizona",3817117
2010,10,2010-10-05,2330,"az","LAUCN040130000000003","04013","maricopa",33.4415,-112.1786,"PSR",50818.2847750639,49193.1,"9.1",0.01287,"0500000US04013","Maricopa County","Arizona",3817117
2010,10,2010-10-05,2130,"az","LAUCN040130000000003","04013","maricopa",33.21,-111.79,"PSR",0,49193.1,"9.1",0.01287,"0500000US04013","Maricopa County","Arizona",3817117
2010,10,2010-10-24,1900,"ca","LAUCN060410000000003","06041","marin",37.9225,-122.5234,"MTR",15245.4854325192,14757.93,"7.6",0.05836,"0500000US06041","Marin County","California",252409
2010,10,2010-10-24,1900,"ca","LAUCN060550000000003","06055","napa",38.5104,-122.1103,"MTR",10163.6569550128,39354.48,"9.2",0.28762,"0500000US06055","Napa County","California",136484
2010,10,2010-10-24,1900,"ca","LAUCN060550000000003","06055","napa",38.3159,-122.3074,"MTR",30490.9708650384,39354.48,"9.2",0.28762,"0500000US06055","Napa County","California",136484
2010,10,2010-10-21,2300,"tx","LAUCN483030000000003","48303","lubbock",33.5837,-101.9188,"LUB",10163.6569550128,9838.62,"6.0",0.03511,"0500000US48303","Lubbock County","Texas",278831
2010,11,2010-11-02,1000,"la","LAUCN221010000000003","22101","st. mary",29.7054,-91.2061,"LCH",10163.6569550128,9838.62,"9.3",0.18032,"0500000US22101","St. Mary Parish","Louisiana",54650
2010,12,2010-12-19,2040,"ca","LAUCN060270000000003","06027","inyo",37.3636,-118.395,"VEF",20327.3139100256,19677.24,"9.9",1.0618,"0500000US06027","Inyo County","California",18546
2010,12,2010-12-19,1430,"ca","LAUCN060410000000003","06041","marin",37.977,-122.5522,"MTR",25409.142387532,24596.55,"7.3",0.09726,"0500000US06041","Marin County","California",252409
2010,12,2010-12-20,2100,"ca","LAUCN060550000000003","06055","napa",38.3979,-122.3579,"MTR",35572.7993425447,34435.17,"11.2",0.25167,"0500000US06055","Napa County","California",136484
2010,12,2010-12-22,1200,"nv","LAUCN320030000000003","32003","clark",36.1523,-115.2328,"VEF",20327.3139100256,19677.24,"13.9",0.01007,"0500000US32003","Clark County","Nevada",1951269
2010,2,2010-02-24,100,"ca","LAUCN060290000000003","06029","kern",35.37,-119,"HNX",50818.2847750639,49193.1,"17.2",0.05844,"0500000US06029","Kern County","California",839631
2010,3,2010-03-02,1442,"ca","LAUCN061070000000003","06107","tulare",36.5,-118.9,"HNX",5081.82847750639,4919.31,"19.5",0.0111,"0500000US06107","Tulare County","California",442179
2010,3,2010-03-11,1800,"fl","LAUCN120170000000003","12017","citrus",28.8639,-82.5952,"TBW",2032.73139100256,1967.72,"13.7",0.01393,"0500000US12017","Citrus County","Florida",141236
2010,3,2010-03-11,2000,"fl","LAUCN121010000000003","12101","pasco",28.2705,-82.7023,"TBW",2032.73139100256,1967.72,"12.1",0.00423,"0500000US12101","Pasco County","Florida",464697
2010,3,2010-03-12,1750,"tn","LAUCN471590000000003","47159","smith",36.1385,-85.8099,"OHX",50818.2847750639,49193.1,"14.6",2.57219,"0500000US47159","Smith County","Tennessee",19166
2010,4,2010-04-11,100,"ca","LAUCN060130000000003","06013","contra costa",37.8986,-122.057,"MTR",10163.6569550128,9838.62,"10.8",0.00934,"0500000US06013","Contra Costa County","California",1049025
2010,4,2010-04-05,2136,"in","LAUCN181670000000003","18167","vigo",39.47,-87.38,"IND",1016.36569550128,983.86,"11.1",0.00912,"0500000US18167","Vigo County","Indiana",107848
2010,4,2010-04-22,1820,"ks","LAUCN200150000000003","20015","butler",37.8097,-96.6617,"ICT",20327.3139100256,19677.24,"7.5",0.29851,"0500000US20015","Butler County","Kansas",65880
2010,4,2010-04-23,2300,"mo","LAUCN292230000000003","29223","wayne",37.13,-90.47,"PAH",20327.3139100256,19677.24,"10.0",1.45617,"0500000US29223","Wayne County","Missouri",13521
2010,4,2010-04-15,1030,"tx","LAUCN483030000000003","48303","lubbock",33.61,-101.9531,"LUB",152454.854325192,147579.29,"6.0",0.52668,"0500000US48303","Lubbock County","Texas",278831
2010,4,2010-04-26,2332,"tx","LAUCN483310000000003","48331","milam",30.6727,-96.9814,"FWD",50818.2847750639,49193.1,"10.6",1.99146,"0500000US48331","Milam County","Texas",24757
2010,5,2010-05-25,2250,"ar","LAUCN051190000000003","05119","pulaski",34.7059,-92.4131,"LZK",1524548.54325192,1475792.92,"7.2",3.84722,"0500000US05119","Pulaski County","Arkansas",382748
2010,5,2010-05-25,200,"ks","LAUCN200630000000003","20063","gove",38.892,-100.2179,"GLD",9147.29125951151,8854.76,"3.3",3.30032,"0500000US20063","Gove County","Kansas",2695
2010,6,2010-06-02,800,"id","LAUCN160610000000003","16061","lewis",46.23,-116.03,"OTX",32523.7022560409,68870.33,"6.3",18.04305,"0500000US16061","Lewis County","Idaho",3821
2010,6,2010-06-02,800,"id","LAUCN160610000000003","16061","lewis",46.2845,-116.4253,"OTX",17278.2168235217,68870.33,"6.3",18.04305,"0500000US16061","Lewis County","Idaho",3821
2010,6,2010-06-02,800,"id","LAUCN160610000000003","16061","lewis",46.2075,-116.2223,"OTX",5081.82847750639,68870.33,"6.3",18.04305,"0500000US16061","Lewis County","Idaho",3821
2010,6,2010-06-02,800,"id","LAUCN160610000000003","16061","lewis",46.2812,-116.6563,"OTX",16261.8511280205,68870.33,"6.3",18.04305,"0500000US16061","Lewis County","Idaho",3821
2010,6,2010-06-18,2219,"ia","LAUCN190130000000003","19013","black hawk",42.49,-92.35,"DMX",5081.82847750639,4919.31,"6.1",0.03751,"0500000US19013","Black Hawk County","Iowa",131090
2010,6,2010-06-26,724,"ia","LAUCN190250000000003","19025","calhoun",42.55,-94.68,"DMX",50818.2847750639,49193.1,"5.9",4.84089,"0500000US19025","Calhoun County","Iowa",9670
2010,6,2010-06-26,300,"ia","LAUCN190270000000003","19027","carroll",41.87,-95.05,"DMX",10163.6569550128,9838.62,"4.4",0.47237,"0500000US19027","Carroll County","Iowa",20816
2010,6,2010-06-26,300,"ia","LAUCN190910000000003","19091","humboldt",42.75,-93.98,"DMX",10163.6569550128,9838.62,"4.9",1.00384,"0500000US19091","Humboldt County","Iowa",9815
2010,6,2010-06-22,300,"ia","LAUCN190910000000003","19091","humboldt",42.75,-93.98,"DMX",0,9838.62,"4.9",1.00384,"0500000US19091","Humboldt County","Iowa",9815
2010,6,2010-06-26,1148,"ia","LAUCN190910000000003","19091","humboldt",42.72,-94.2,"DMX",0,9838.62,"4.9",1.00384,"0500000US19091","Humboldt County","Iowa",9815
2010,6,2010-06-27,930,"ia","LAUCN191530000000003","19153","polk",41.6279,-93.7146,"DMX",101636.569550128,98386.19,"5.8",0.22762,"0500000US19153","Polk County","Iowa",430640
2010,6,2010-06-26,400,"ia","LAUCN191870000000003","19187","webster",42.5,-94.24,"DMX",101636.569550128,98386.19,"6.9",2.59834,"0500000US19187","Webster County","Iowa",38013
2010,6,2010-06-26,1235,"ia","LAUCN191870000000003","19187","webster",42.51,-94.18,"DMX",0,98386.19,"6.9",2.59834,"0500000US19187","Webster County","Iowa",38013
2010,6,2010-06-16,443,"mt","LAUCN301050000000003","30105","valley",48.3488,-107.157,"GGW",2032.73139100256,1967.72,"4.7",0.2671,"0500000US30105","Valley County","Montana",7369
2010,6,2010-06-01,800,"or","LAUCN410590000000003","41059","umatilla",45.93,-118.38,"PDT",3557279.93425447,3443516.8,"9.6",45.28262,"0500000US41059","Umatilla County","Oregon",75889
2010,6,2010-06-10,2200,"wa","LAUCN530750000000003","53075","whitman",46.82,-117.65,"OTX",1016.36569550128,983.86,"7.7",0.02197,"0500000US53075","Whitman County","Washington",44776
2010,6,2010-06-25,300,"wi","LAUCN550850000000003","55085","oneida",45.63,-89.47,"GRB",203273.139100256,196772.39,"9.3",5.47533,"0500000US55085","Oneida County","Wisconsin",35998
2010,7,2010-07-21,2350,"co","LAUCN081130000000003","08113","san miguel",37.9963,-108.0011,"GJT",0,491.93,"6.7",0.06687,"0500000US08113","San Miguel County","Colorado",7359
2010,7,2010-07-27,2330,"co","LAUCN081130000000003","08113","san miguel",38.0216,-108.6486,"GJT",508.182847750639,491.93,"6.7",0.06687,"0500000US08113","San Miguel County","Colorado",7359
2010,7,2010-07-18,2335,"ga","LAUCN130150000000003","13015","bartow",34.1752,-84.7878,"FFC",304909.708650384,295158.58,"12.1",2.94825,"0500000US13015","Bartow County","Georgia",100157
2010,7,2010-07-26,605,"ga","LAUCN130770000000003","13077","coweta",33.37,-84.8,"FFC",5081.82847750639,4919.31,"9.6",0.03845,"0500000US13077","Coweta County","Georgia",127317
2010,7,2010-07-24,2115,"il","LAUCN170310000000003","17031","cook",41.6636,-87.6805,"LOT",304909.708650384,324674.44,"11.2",0.06245,"0500000US17031","Cook County","Illinois",5194675
2010,7,2010-07-24,800,"il","LAUCN170310000000003","17031","cook",41.7722,-87.781,"LOT",30490.9708650384,324674.44,"11.2",0.06245,"0500000US17031","Cook County","Illinois",5194675
2010,7,2010-07-08,130,"in","LAUCN181630000000003","18163","vanderburgh",37.98,-87.55,"PAH",7114.55986850895,6887.03,"9.1",0.03831,"0500000US18163","Vanderburgh County","Indiana",179703
2010,7,2010-07-07,1100,"ia","LAUCN190130000000003","19013","black hawk",42.47,-92.23,"DMX",0,98386.19,"6.0",0.75013,"0500000US19013","Black Hawk County","Iowa",131090
2010,7,2010-07-04,2200,"ia","LAUCN190130000000003","19013","black hawk",42.5307,-92.3917,"DMX",0,98386.19,"6.0",0.75013,"0500000US19013","Black Hawk County","Iowa",131090
2010,7,2010-07-07,1030,"ia","LAUCN190130000000003","19013","black hawk",42.48,-92.34,"DMX",101636.569550128,98386.19,"6.0",0.75013,"0500000US19013","Black Hawk County","Iowa",131090
2010,7,2010-07-04,2200,"ia","LAUCN190130000000003","19013","black hawk",42.63,-92.54,"DMX",0,98386.19,"6.0",0.75013,"0500000US19013","Black Hawk County","Iowa",131090
2010,7,2010-07-07,900,"ia","LAUCN190130000000003","19013","black hawk",42.53,-92.22,"DMX",0,98386.19,"6.0",0.75013,"0500000US19013","Black Hawk County","Iowa",131090
2010,7,2010-07-07,1100,"ia","LAUCN190130000000003","19013","black hawk",42.57,-92.16,"DMX",0,98386.19,"6.0",0.75013,"0500000US19013","Black Hawk County","Iowa",131090
2010,7,2010-07-07,1100,"ia","LAUCN190130000000003","19013","black hawk",42.48,-92.36,"DMX",0,98386.19,"6.0",0.75013,"0500000US19013","Black Hawk County","Iowa",131090
2010,7,2010-07-07,1100,"ia","LAUCN190130000000003","19013","black hawk",42.48,-92.34,"DMX",0,98386.19,"6.0",0.75013,"0500000US19013","Black Hawk County","Iowa",131090
2010,7,2010-07-07,1100,"ia","LAUCN190130000000003","19013","black hawk",42.5,-92.33,"DMX",0,98386.19,"6.0",0.75013,"0500000US19013","Black Hawk County","Iowa",131090
2010,7,2010-07-07,1100,"ia","LAUCN190130000000003","19013","black hawk",42.45,-92.36,"DMX",0,98386.19,"6.0",0.75013,"0500000US19013","Black Hawk County","Iowa",131090
2010,7,2010-07-04,300,"ia","LAUCN190130000000003","19013","black hawk",42.49,-92.35,"DMX",0,98386.19,"6.0",0.75013,"0500000US19013","Black Hawk County","Iowa",131090
2010,7,2010-07-07,1037,"ia","LAUCN190130000000003","19013","black hawk",42.46,-92.28,"DMX",0,98386.19,"6.0",0.75013,"0500000US19013","Black Hawk County","Iowa",131090
2010,7,2010-07-04,1200,"ia","LAUCN190130000000003","19013","black hawk",42.5013,-92.4395,"DMX",0,98386.19,"6.0",0.75013,"0500000US19013","Black Hawk County","Iowa",131090
2010,7,2010-07-26,2100,"nm","LAUCN350010000000003","35001","bernalillo",35.0873,-106.6651,"ABQ",4065.46278200511,3935.45,"8.4",0.00593,"0500000US35001","Bernalillo County","New Mexico",662564
2010,7,2010-07-31,2230,"sc","LAUCN450050000000003","45005","allendale",33.038,-81.3435,"CHS",1016.36569550128,983.86,"18.7",0.09503,"0500000US45005","Allendale County","South Carolina",10419
2010,7,2010-07-12,230,"tn","LAUCN470370000000003","47037","davidson",36.1216,-86.7586,"OHX",152454.854325192,147579.29,"8.1",0.23498,"0500000US47037","Davidson County","Tennessee",626681
2010,7,2010-07-01,1800,"tx","LAUCN481690000000003","48169","garza",33.35,-101.55,"LUB",15245.4854325192,14757.93,"6.0",2.28451,"0500000US48169","Garza County","Texas",6461
2010,7,2010-07-01,1800,"tx","LAUCN481910000000003","48191","hall",34.4,-100.88,"LUB",203273.139100256,196772.38,"9.8",58.633,"0500000US48191","Hall County","Texas",3353
2010,7,2010-07-01,1800,"tx","LAUCN483030000000003","48303","lubbock",33.428,-102.0726,"LUB",254091.42387532,245965.49,"6.9",0.8778,"0500000US48303","Lubbock County","Texas",278831
2010,7,2010-07-31,2100,"wa","LAUCN530070000000003","53007","chelan",47.5671,-120.4208,"OTX",1016.36569550128,983.86,"6.3",0.01353,"0500000US53007","Chelan County","Washington",72453
2010,7,2010-07-28,0,"wa","LAUCN530430000000003","53043","lincoln",47.3932,-118.1552,"OTX",5081.82847750639,4919.31,"7.6",0.46571,"0500000US53043","Lincoln County","Washington",10570
2010,7,2010-07-07,2347,"wi","LAUCN550090000000003","55009","brown",44.5022,-88.0519,"GRB",152454.854325192,147579.29,"7.8",0.59392,"0500000US55009","Brown County","Wisconsin",248007
2010,7,2010-07-14,36,"wi","LAUCN550090000000003","55009","brown",44.48,-88.13,"GRB",0,147579.29,"7.8",0.59392,"0500000US55009","Brown County","Wisconsin",248007
2010,7,2010-07-14,115,"wi","LAUCN550150000000003","55015","calumet",44.07,-88.3,"GRB",4065.46278200511,3935.45,"6.7",0.08033,"0500000US55015","Calumet County","Wisconsin",48971
2010,7,2010-07-14,1847,"wi","LAUCN550730000000003","55073","marathon",44.72,-89.68,"GRB",79276.5242490997,76741.23,"9.0",0.57242,"0500000US55073","Marathon County","Wisconsin",134063
2010,8,2010-08-28,100,"az","LAUCN040130000000003","04013","maricopa",33.57,-112.05,"PSR",0,196772.39,"9.8",0.05146,"0500000US04013","Maricopa County","Arizona",3817117
2010,8,2010-08-28,100,"az","LAUCN040130000000003","04013","maricopa",33.48,-112.07,"PSR",203273.139100256,196772.39,"9.8",0.05146,"0500000US04013","Maricopa County","Arizona",3817117
2010,8,2010-08-24,2245,"az","LAUCN040130000000003","04013","maricopa",33.74,-111.99,"PSR",0,196772.39,"9.8",0.05146,"0500000US04013","Maricopa County","Arizona",3817117
2010,8,2010-08-24,40,"az","LAUCN040130000000003","04013","maricopa",33.43,-111.75,"PSR",0,196772.39,"9.8",0.05146,"0500000US04013","Maricopa County","Arizona",3817117
2010,8,2010-08-17,145,"az","LAUCN040130000000003","04013","maricopa",33.32,-111.91,"PSR",0,196772.39,"9.8",0.05146,"0500000US04013","Maricopa County","Arizona",3817117
2010,8,2010-08-21,456,"az","LAUCN040130000000003","04013","maricopa",33.37,-111.81,"PSR",0,196772.39,"9.8",0.05146,"0500000US04013","Maricopa County","Arizona",3817117
2010,8,2010-08-21,600,"az","LAUCN040130000000003","04013","maricopa",33.59,-112.3,"PSR",0,196772.39,"9.8",0.05146,"0500000US04013","Maricopa County","Arizona",3817117
2010,8,2010-08-04,2035,"co","LAUCN080070000000003","08007","archuleta",37.3135,-106.9684,"GJT",0,19677.24,"9.6",1.63094,"0500000US08007","Archuleta County","Colorado",12084
2010,8,2010-08-24,100,"co","LAUCN080070000000003","08007","archuleta",37.27,-107.02,"GJT",20327.3139100256,19677.24,"9.6",1.63094,"0500000US08007","Archuleta County","Colorado",12084
2010,8,2010-08-18,30,"ga","LAUCN131270000000003","13127","glynn",31.19,-81.48,"JAX",30490.9708650384,29515.86,"10.1",0.36986,"0500000US13127","Glynn County","Georgia",79626
2010,8,2010-08-24,1000,"ks","LAUCN201550000000003","20155","reno",38.0633,-97.9256,"ICT",5081.82847750639,4919.31,"6.6",0.0762,"0500000US20155","Reno County","Kansas",64511
2010,8,2010-08-13,2300,"sc","LAUCN450190000000003","45019","charleston",32.9502,-80.0401,"CHS",10163.6569550128,9838.62,"9.1",0.02801,"0500000US45019","Charleston County","South Carolina",350209
2010,9,2010-09-21,500,"az","LAUCN040070000000003","04007","gila",34.2668,-111.4893,"FGZ",0,4919.31,"12.1",0.09189,"0500000US04007","Gila County","Arizona",53597
2010,9,2010-09-22,900,"az","LAUCN040070000000003","04007","gila",33.86,-111.31,"PSR",5081.82847750639,4919.31,"12.1",0.09189,"0500000US04007","Gila County","Arizona",53597
2010,9,2010-09-27,1910,"nc","LAUCN371290000000003","37129","new hanover",34.2078,-77.8475,"ILM",0,147579.29,"8.9",0.72579,"0500000US37129","New Hanover County","North Carolina",202667
2010,9,2010-09-27,2317,"nc","LAUCN371290000000003","37129","new hanover",34.2307,-77.9136,"ILM",152454.854325192,147579.29,"8.9",0.72579,"0500000US37129","New Hanover County","North Carolina",202667
2010,9,2010-09-27,1919,"nc","LAUCN371290000000003","37129","new hanover",34.2627,-77.8638,"ILM",0,147579.29,"8.9",0.72579,"0500000US37129","New Hanover County","North Carolina",202667
2010,9,2010-09-29,330,"sc","LAUCN450190000000003","45019","charleston",32.8002,-79.9484,"CHS",508.182847750639,491.93,"8.6",0.0014,"0500000US45019","Charleston County","South Carolina",350209
2010,9,2010-09-19,1000,"tx","LAUCN480610000000003","48061","cameron",26.0137,-97.159,"BRO",50818.2847750639,49193.1,"11.1",0.12067,"0500000US48061","Cameron County","Texas",406220
2010,9,2010-09-24,2135,"tx","LAUCN483030000000003","48303","lubbock",33.5071,-101.8968,"LUB",0,9838.62,"6.2",0.03511,"0500000US48303","Lubbock County","Texas",278831
2010,9,2010-09-23,2110,"tx","LAUCN483030000000003","48303","lubbock",33.5391,-101.9339,"LUB",10163.6569550128,9838.62,"6.2",0.03511,"0500000US48303","Lubbock County","Texas",278831
2010,9,2010-09-19,0,"wa","LAUCN530250000000003","53025","grant",47.3232,-119.5591,"OTX",5081.82847750639,4919.31,"8.2",0.05491,"0500000US53025","Grant County","Washington",89120
2011,1,2011-01-01,521,"ca","LAUCN060530000000003","06053","monterey",36.7235,-121.7265,"MTR",4193.10417682936,3815.03,"17.5",0.00905,"0500000US06053","Monterey County","California",421157
2011,1,2011-01-02,100,"ca","LAUCN060870000000003","06087","santa cruz",37.0827,-122.0875,"MTR",15724.1406631101,28612.7,"15.9",0.108,"0500000US06087","Santa Cruz County","California",264896
2011,1,2011-01-02,104,"ca","LAUCN060870000000003","06087","santa cruz",37.0674,-122.08,"MTR",15724.1406631101,28612.7,"15.9",0.108,"0500000US06087","Santa Cruz County","California",264896
2011,10,2011-10-05,1100,"ca","LAUCN060310000000003","06031","kings",36.33,-119.65,"HNX",104827.604420734,95375.64,"14.6",0.62721,"0500000US06031","Kings County","California",151895
2011,12,2011-12-11,100,"fl","LAUCN120730000000003","12073","leon",30.44,-84.41,"TAE",0,33381.47,"7.3",0.11994,"0500000US12073","Leon County","Florida",278362
2011,12,2011-12-12,800,"fl","LAUCN120730000000003","12073","leon",30.4764,-84.2209,"TAE",36689.6615472569,33381.47,"7.3",0.11994,"0500000US12073","Leon County","Florida",278362
2011,12,2011-12-11,100,"fl","LAUCN120730000000003","12073","leon",30.51,-84.33,"TAE",0,33381.47,"7.3",0.11994,"0500000US12073","Leon County","Florida",278362
2011,12,2011-12-11,100,"fl","LAUCN120730000000003","12073","leon",30.42,-84.15,"TAE",0,33381.47,"7.3",0.11994,"0500000US12073","Leon County","Florida",278362
2011,12,2011-12-11,100,"fl","LAUCN120730000000003","12073","leon",30.4654,-84.3415,"TAE",0,33381.47,"7.3",0.11994,"0500000US12073","Leon County","Florida",278362
2011,12,2011-12-11,100,"fl","LAUCN120730000000003","12073","leon",30.32,-84.6,"TAE",0,33381.47,"7.3",0.11994,"0500000US12073","Leon County","Florida",278362
2011,12,2011-12-11,100,"fl","LAUCN120730000000003","12073","leon",30.4935,-84.3107,"TAE",0,33381.47,"7.3",0.11994,"0500000US12073","Leon County","Florida",278362
2011,12,2011-12-11,100,"fl","LAUCN120730000000003","12073","leon",30.595,-84.2679,"TAE",0,33381.47,"7.3",0.11994,"0500000US12073","Leon County","Florida",278362
2011,12,2011-12-11,100,"fl","LAUCN120730000000003","12073","leon",30.484,-84.3,"TAE",0,33381.47,"7.3",0.11994,"0500000US12073","Leon County","Florida",278362
2011,12,2011-12-11,100,"fl","LAUCN120730000000003","12073","leon",30.54,-84.28,"TAE",0,33381.47,"7.3",0.11994,"0500000US12073","Leon County","Florida",278362
2011,12,2011-12-11,100,"fl","LAUCN120730000000003","12073","leon",30.31,-84.42,"TAE",0,33381.47,"7.3",0.11994,"0500000US12073","Leon County","Florida",278362
2011,12,2011-12-11,100,"fl","LAUCN120730000000003","12073","leon",30.476,-84.363,"TAE",0,33381.47,"7.3",0.11994,"0500000US12073","Leon County","Florida",278362
2011,12,2011-12-11,100,"fl","LAUCN120730000000003","12073","leon",30.39,-84.35,"TAE",0,33381.47,"7.3",0.11994,"0500000US12073","Leon County","Florida",278362
2011,12,2011-12-11,100,"fl","LAUCN120730000000003","12073","leon",30.46,-84.35,"TAE",0,33381.47,"7.3",0.11994,"0500000US12073","Leon County","Florida",278362
2011,12,2011-12-11,100,"fl","LAUCN120730000000003","12073","leon",30.5252,-84.2774,"TAE",0,33381.47,"7.3",0.11994,"0500000US12073","Leon County","Florida",278362
2011,12,2011-12-11,100,"fl","LAUCN120730000000003","12073","leon",30.4461,-84.2994,"TAE",0,33381.47,"7.3",0.11994,"0500000US12073","Leon County","Florida",278362
2011,12,2011-12-11,100,"fl","LAUCN120730000000003","12073","leon",30.367,-84.133,"TAE",0,33381.47,"7.3",0.11994,"0500000US12073","Leon County","Florida",278362
2011,12,2011-12-11,100,"fl","LAUCN120730000000003","12073","leon",30.3938,-84.22,"TAE",0,33381.47,"7.3",0.11994,"0500000US12073","Leon County","Florida",278362
2011,12,2011-12-11,100,"fl","LAUCN120730000000003","12073","leon",30.33,-84.31,"TAE",0,33381.47,"7.3",0.11994,"0500000US12073","Leon County","Florida",278362
2011,12,2011-12-12,825,"fl","LAUCN120730000000003","12073","leon",30.43,-84.28,"TAE",0,33381.47,"7.3",0.11994,"0500000US12073","Leon County","Florida",278362
2011,12,2011-12-11,100,"fl","LAUCN120730000000003","12073","leon",30.389,-84.2159,"TAE",0,33381.47,"7.3",0.11994,"0500000US12073","Leon County","Florida",278362
2011,12,2011-12-11,100,"fl","LAUCN120730000000003","12073","leon",30.38,-84.31,"TAE",0,33381.47,"7.3",0.11994,"0500000US12073","Leon County","Florida",278362
2011,2,2011-02-17,1800,"ca","LAUCN060750000000003","06075","san francisco",37.7837,-122.514,"MTR",10482.7604420734,9537.56,"8.5",0.01168,"0500000US06075","San Francisco County","California",815672
2011,2,2011-02-17,1600,"ca","LAUCN060870000000003","06087","santa cruz",37.1888,-122.2669,"MTR",20965.5208841468,19075.13,"15.7",0.072,"0500000US06087","Santa Cruz County","California",264896
2011,2,2011-02-16,800,"ca","LAUCN060970000000003","06097","sonoma",38.4522,-122.9257,"MTR",26206.9011051835,23843.91,"10.8",0.04889,"0500000US06097","Sonoma County","California",487641
2011,2,2011-02-24,2245,"il","LAUCN171270000000003","17127","massac",37.15,-88.73,"PAH",52413.802210367,47687.82,"8.3",3.11441,"0500000US17127","Massac County","Illinois",15325
2011,3,2011-03-24,1700,"ca","LAUCN060870000000003","06087","santa cruz",37.0516,-122.0137,"MTR",52413.802210367,9632939.16,"15.4",36.36128,"0500000US06087","Santa Cruz County","California",264896
2011,3,2011-03-24,1600,"ca","LAUCN060870000000003","06087","santa cruz",36.9675,-121.9798,"MTR",262069.011051835,9632939.16,"15.4",36.36128,"0500000US06087","Santa Cruz County","California",264896
2011,3,2011-03-24,2000,"ca","LAUCN060870000000003","06087","santa cruz",36.9702,-121.9599,"MTR",10273105.2332319,9632939.16,"15.4",36.36128,"0500000US06087","Santa Cruz County","California",264896
2011,3,2011-03-24,1300,"ca","LAUCN060970000000003","06097","sonoma",38.4706,-123.0131,"MTR",29875.8672599092,27182.06,"10.7",0.05573,"0500000US06097","Sonoma County","California",487641
2011,4,2011-04-04,1548,"il","LAUCN171510000000003","17151","pope",37.5,-88.58,"PAH",0,38150.25,"7.5",8.56924,"0500000US17151","Pope County","Illinois",4493
2011,4,2011-04-19,2006,"in","LAUCN181770000000003","18177","wayne",39.83,-84.9,"ILN",20965.5208841468,20028.89,"10.5",0.29102,"0500000US18177","Wayne County","Indiana",68663
2011,4,2011-04-04,1658,"in","LAUCN181770000000003","18177","wayne",39.82,-85,"ILN",1048.27604420734,20028.89,"10.5",0.29102,"0500000US18177","Wayne County","Indiana",68663
2011,4,2011-04-12,2012,"ky","LAUCN210810000000003","21081","grant",38.6245,-84.7171,"ILN",1048.27604420734,953.76,"10.7",0.03859,"0500000US21081","Grant County","Kentucky",24710
2011,4,2011-04-12,2002,"ky","LAUCN211870000000003","21187","owen",38.6733,-84.9004,"ILN",1048.27604420734,953.76,"7.4",0.08816,"0500000US21187","Owen County","Kentucky",10817
2011,4,2011-04-12,1100,"ky","LAUCN211870000000003","21187","owen",38.4765,-84.8017,"ILN",1048.27604420734,953.76,"7.4",0.08816,"0500000US21187","Owen County","Kentucky",10817
2011,4,2011-04-23,703,"oh","LAUCN390150000000003","39015","brown",39.05,-83.92,"ILN",1048.27604420734,953.76,"11.3",0.02135,"0500000US39015","Brown County","Ohio",44661
2011,4,2011-04-04,1740,"oh","LAUCN390210000000003","39021","champaign",40.12,-83.95,"ILN",1048.27604420734,953.76,"9.2",0.02392,"0500000US39021","Champaign County","Ohio",39873
2011,4,2011-04-04,1742,"oh","LAUCN390370000000003","39037","darke",40.1,-84.63,"ILN",1048.27604420734,953.76,"9.3",0.01811,"0500000US39037","Darke County","Ohio",52666
2011,4,2011-04-19,1820,"oh","LAUCN390450000000003","39045","fairfield",39.85,-82.6,"ILN",1048.27604420734,953.76,"7.8",0.00647,"0500000US39045","Fairfield County","Ohio",147328
2011,4,2011-04-12,2045,"oh","LAUCN390470000000003","39047","fayette",39.4578,-83.4185,"ILN",1048.27604420734,953.76,"10.7",0.03299,"0500000US39047","Fayette County","Ohio",28908
2011,4,2011-04-23,959,"oh","LAUCN390610000000003","39061","hamilton",39.1019,-84.5003,"ILN",1048.27604420734,1907.52,"8.4",0.00238,"0500000US39061","Hamilton County","Ohio",800621
2011,4,2011-04-19,1331,"oh","LAUCN390610000000003","39061","hamilton",39.27,-84.8,"ILN",1048.27604420734,1907.52,"8.4",0.00238,"0500000US39061","Hamilton County","Ohio",800621
2011,4,2011-04-23,935,"oh","LAUCN390710000000003","39071","highland",39.07,-83.85,"ILN",1048.27604420734,1907.52,"13.6",0.04392,"0500000US39071","Highland County","Ohio",43432
2011,4,2011-04-19,1840,"oh","LAUCN390710000000003","39071","highland",39.2411,-83.7655,"ILN",1048.27604420734,1907.52,"13.6",0.04392,"0500000US39071","Highland County","Ohio",43432
2011,4,2011-04-04,1910,"oh","LAUCN390910000000003","39091","logan",40.37,-83.77,"ILN",1048.27604420734,953.76,"10.3",0.02091,"0500000US39091","Logan County","Ohio",45606
2011,4,2011-04-04,1742,"oh","LAUCN391090000000003","39109","miami",40.05,-84.2,"ILN",1048.27604420734,953.76,"8.9",0.00927,"0500000US39109","Miami County","Ohio",102835
2011,4,2011-04-19,1753,"oh","LAUCN391130000000003","39113","montgomery",39.87,-84.3,"ILN",1048.27604420734,953.76,"9.3",0.00178,"0500000US39113","Montgomery County","Ohio",534882
2011,4,2011-04-19,2146,"oh","LAUCN391290000000003","39129","pickaway",39.72,-82.95,"ILN",1048.27604420734,953.76,"9.0",0.01704,"0500000US39129","Pickaway County","Ohio",55961
2011,4,2011-04-19,1915,"oh","LAUCN391350000000003","39135","preble",39.75,-84.63,"ILN",1048.27604420734,1907.52,"9.3",0.04538,"0500000US39135","Preble County","Ohio",42017
2011,4,2011-04-04,1812,"oh","LAUCN391350000000003","39135","preble",39.9,-84.67,"ILN",1048.27604420734,1907.52,"9.3",0.04538,"0500000US39135","Preble County","Ohio",42017
2011,4,2011-04-23,1110,"oh","LAUCN391450000000003","39145","scioto",38.8151,-82.7847,"ILN",1048.27604420734,1907.52,"11.5",0.02408,"0500000US39145","Scioto County","Ohio",79226
2011,4,2011-04-23,1305,"oh","LAUCN391450000000003","39145","scioto",38.73,-82.7743,"ILN",1048.27604420734,1907.52,"11.5",0.02408,"0500000US39145","Scioto County","Ohio",79226
2011,4,2011-04-26,330,"tx","LAUCN482930000000003","48293","limestone",31.4,-96.58,"FWD",26206.9011051835,23843.91,"8.0",1.01158,"0500000US48293","Limestone County","Texas",23557
2011,5,2011-05-11,730,"ky","LAUCN211350000000003","21135","lewis",38.6,-83.17,"ILN",1048.27604420734,953.76,"12.8",0.06879,"0500000US21135","Lewis County","Kentucky",13806
2011,5,2011-05-26,2107,"oh","LAUCN390410000000003","39041","delaware",40.1717,-83.1259,"ILN",1048.27604420734,953.76,"6.1",0.00534,"0500000US39041","Delaware County","Ohio",178526
2011,5,2011-05-01,145,"tx","LAUCN484390000000003","48439","tarrant",32.7371,-97.3556,"FWD",8386.20835365873,7630.05,"7.4",0.00413,"0500000US48439","Tarrant County","Texas",1848347
2011,6,2011-06-04,1100,"ca","LAUCN060130000000003","06013","contra costa",38.0092,-122.363,"MTR",52413.802210367,47687.82,"10.7",0.04471,"0500000US06013","Contra Costa County","California",1066126
2011,6,2011-06-19,910,"il","LAUCN170810000000003","17081","jefferson",38.32,-88.9,"PAH",0,47687.82,"9.6",1.22935,"0500000US17081","Jefferson County","Illinois",38759
2011,6,2011-06-25,530,"il","LAUCN170810000000003","17081","jefferson",38.32,-88.9,"PAH",52413.802210367,47687.82,"9.6",1.22935,"0500000US17081","Jefferson County","Illinois",38759
2011,6,2011-06-09,2000,"ia","LAUCN191810000000003","19181","warren",41.31,-93.73,"DMX",0,9537.56,"5.2",0.20439,"0500000US19181","Warren County","Iowa",46678
2011,6,2011-06-09,1200,"ia","LAUCN191810000000003","19181","warren",41.21,-93.34,"DMX",0,9537.56,"5.2",0.20439,"0500000US19181","Warren County","Iowa",46678
2011,6,2011-06-08,1300,"ia","LAUCN191810000000003","19181","warren",41.4405,-93.6883,"DMX",0,9537.56,"5.2",0.20439,"0500000US19181","Warren County","Iowa",46678
2011,6,2011-06-13,1725,"ia","LAUCN191810000000003","19181","warren",41.395,-93.5587,"DMX",10482.7604420734,9537.56,"5.2",0.20439,"0500000US19181","Warren County","Iowa",46678
2011,6,2011-06-09,400,"ia","LAUCN191810000000003","19181","warren",41.42,-93.58,"DMX",0,9537.56,"5.2",0.20439,"0500000US19181","Warren County","Iowa",46678
2011,6,2011-06-20,1100,"ky","LAUCN210650000000003","21065","estill",37.62,-84.03,"JKL",5241.3802210367,4768.78,"12.1",0.32583,"0500000US21065","Estill County","Kentucky",14635
2011,6,2011-06-19,930,"mo","LAUCN290310000000003","29031","cape girardeau",37.3,-89.53,"PAH",0,3815.03,"7.3",0.04979,"0500000US29031","Cape Girardeau County","Missouri",76674
2011,6,2011-06-18,1330,"mo","LAUCN290310000000003","29031","cape girardeau",37.3,-89.53,"PAH",4193.10417682936,3815.03,"7.3",0.04979,"0500000US29031","Cape Girardeau County","Missouri",76674
2011,6,2011-06-22,1900,"tx","LAUCN484890000000003","48489","willacy",26.4886,-97.7855,"BRO",10482.7604420734,9537.56,"16.1",0.43129,"0500000US48489","Willacy County","Texas",22129
2011,6,2011-06-02,2250,"wa","LAUCN530510000000003","53051","pend oreille",48.19,-117.14,"OTX",524.13802210367,476.88,"13.6",0.03684,"0500000US53051","Pend Oreille County","Washington",12931
2011,6,2011-06-02,2255,"wa","LAUCN530510000000003","53051","pend oreille",48.17,-117.19,"OTX",0,476.88,"13.6",0.03684,"0500000US53051","Pend Oreille County","Washington",12931
2011,6,2011-06-02,2255,"wa","LAUCN530510000000003","53051","pend oreille",48.18,-117.06,"OTX",0,476.88,"13.6",0.03684,"0500000US53051","Pend Oreille County","Washington",12931
2011,7,2011-07-09,1850,"az","LAUCN040010000000003","04001","apache",33.95,-109.24,"FGZ",10482.7604420734,9537.56,"20.7",0.13182,"0500000US04001","Apache County","Arizona",72391
2011,7,2011-07-31,2331,"az","LAUCN040150000000003","04015","mohave",36.9872,-112.9667,"VEF",5241.3802210367,4768.78,"13.0",0.02353,"0500000US04015","Mohave County","Arizona",202635
2011,7,2011-07-04,30,"az","LAUCN040190000000003","04019","pima",32.2616,-110.9278,"TWC",262069.011051835,238439.09,"9.4",0.2413,"0500000US04019","Pima County","Arizona",987816
2011,7,2011-07-20,1930,"ga","LAUCN131210000000003","13121","fulton",33.7678,-84.3898,"FFC",524138.02210367,476878.18,"10.7",0.50179,"0500000US13121","Fulton County","Georgia",949323
2011,7,2011-07-24,1200,"ms","LAUCN280730000000003","28073","lamar",31.32,-89.38,"JAN",52413.802210367,47687.82,"7.7",0.83446,"0500000US28073","Lamar County","Mississippi",57140
2011,7,2011-07-09,2200,"nv","LAUCN320030000000003","32003","clark",36.142,-115.1472,"VEF",104827.604420734,95375.64,"13.4",0.04848,"0500000US32003","Clark County","Nevada",1966295
2011,7,2011-07-25,1400,"wa","LAUCN530070000000003","53007","chelan",47.42,-120.32,"OTX",670896.668292698,610404.07,"6.2",8.32748,"0500000US53007","Chelan County","Washington",73307
2011,7,2011-07-08,1500,"wv","LAUCN540830000000003","54083","randolph",38.88,-79.85,"RLX",5241.3802210367,4768.78,"8.8",0.16199,"0500000US54083","Randolph County","West Virginia",29422
2011,7,2011-07-19,45,"wi","LAUCN550190000000003","55019","clark",44.95,-90.32,"ARX",0,2861.27,"7.9",0.08237,"0500000US55019","Clark County","Wisconsin",34735
2011,7,2011-07-16,1300,"wi","LAUCN550190000000003","55019","clark",44.62,-90.68,"ARX",3144.82813262202,2861.27,"7.9",0.08237,"0500000US55019","Clark County","Wisconsin",34735
2011,8,2011-08-14,1915,"az","LAUCN040050000000003","04005","coconino",35.19,-111.62,"FGZ",10482.7604420734,9537.56,"9.6",0.07109,"0500000US04005","Coconino County","Arizona",134186
2011,8,2011-08-27,2155,"az","LAUCN040050000000003","04005","coconino",34.34,-110.8,"FGZ",0,9537.56,"9.6",0.07109,"0500000US04005","Coconino County","Arizona",134186
2011,8,2011-08-16,2310,"az","LAUCN040190000000003","04019","pima",32.3378,-111.0666,"TWC",26206.9011051835,23843.91,"9.0",0.02413,"0500000US04019","Pima County","Arizona",987816
2011,8,2011-08-27,1900,"fl","LAUCN121050000000003","12105","polk",28.0655,-81.79,"TBW",524.13802210367,476.88,"11.9",0.00078,"0500000US12105","Polk County","Florida",609669
2011,8,2011-08-06,2030,"ga","LAUCN131130000000003","13113","fayette",33.4585,-84.4434,"FFC",1048.27604420734,953.76,"8.3",0.0089,"0500000US13113","Fayette County","Georgia",107208
2011,8,2011-08-09,2345,"ms","LAUCN280670000000003","28067","jones",31.7307,-89.1568,"JAN",5241.3802210367,4768.78,"8.3",0.07021,"0500000US28067","Jones County","Mississippi",67858
2011,8,2011-08-28,1600,"nj","LAUCN340310000000003","34031","passaic",41.0448,-74.2879,"OKX",0,0,"11.1",0,"0500000US34031","Passaic County","New Jersey",504031
2011,8,2011-08-11,2020,"nd","LAUCN380970000000003","38097","traill",47.36,-97.04,"FGF",20965.5208841468,19075.13,"3.9",2.3687,"0500000US38097","Traill County","North Dakota",8055
2011,8,2011-08-06,1100,"oh","LAUCN391050000000003","39105","meigs",39.0353,-82.0014,"RLX",1048.27604420734,953.76,"13.4",0.04025,"0500000US39105","Meigs County","Ohio",23699
2011,8,2011-08-19,730,"wv","LAUCN540110000000003","54011","cabell",38.4243,-82.3928,"RLX",26206.9011051835,23843.91,"7.3",0.24694,"0500000US54011","Cabell County","West Virginia",96545
2011,8,2011-08-03,2000,"wy","LAUCN560110000000003","56011","crook",44.27,-104.737,"UNR",3668.96615472569,3338.15,"4.3",0.46878,"0500000US56011","Crook County","Wyoming",7139
2011,9,2011-09-10,200,"az","LAUCN040190000000003","04019","pima",32.3365,-111.0677,"TWC",15724.1406631101,61994.17,"8.6",0.06274,"0500000US04019","Pima County","Arizona",987816
2011,9,2011-09-02,100,"az","LAUCN040190000000003","04019","pima",32.0023,-110.6825,"TWC",52413.802210367,61994.17,"8.6",0.06274,"0500000US04019","Pima County","Arizona",987816
2011,9,2011-09-25,2240,"sc","LAUCN450790000000003","45079","richland",34,-81.04,"CAE",125793.125304881,114450.76,"9.6",0.29376,"0500000US45079","Richland County","South Carolina",389475
2011,9,2011-09-25,2140,"sc","LAUCN450790000000003","45079","richland",33.99,-81.01,"CAE",0,114450.76,"9.6",0.29376,"0500000US45079","Richland County","South Carolina",389475
2011,9,2011-09-25,2256,"sc","LAUCN450790000000003","45079","richland",33.99,-81,"CAE",0,114450.76,"9.6",0.29376,"0500000US45079","Richland County","South Carolina",389475
2012,10,2012-10-11,2330,"ca","LAUCN060710000000003","06071","san bernardino",34.1,-117.43,"SGX",53500.4404266624,46720.95,"10.9",0.02245,"0500000US06071","San Bernardino County","California",2077247
2012,10,2012-10-29,2300,"me","LAUCN230310000000003","23031","york",43.2172,-70.7025,"GYX",32100.2642559974,28032.57,"6.0",0.14083,"0500000US23031","York County","Maine",199053
2012,10,2012-10-30,500,"nh","LAUCN330030000000003","33003","carroll",44.054,-71.087,"GYX",17120.140936532,14950.7,"4.8",0.31365,"0500000US33003","Carroll County","New Hampshire",47677
2012,10,2012-10-30,500,"nh","LAUCN330030000000003","33003","carroll",44.2137,-71.098,"GYX",20330.1673621317,14950.7,"4.8",0.31365,"0500000US33003","Carroll County","New Hampshire",47677
2012,10,2012-10-30,500,"nh","LAUCN330090000000003","33009","grafton",44.1231,-71.7572,"GYX",9630.07927679923,8409.77,"4.2",0.09413,"0500000US33009","Grafton County","New Hampshire",89230
2012,11,2012-11-19,800,"wa","LAUCN530270000000003","53027","grays harbor",46.95,-123.77,"SEW",16050.1321279987,14016.29,"11.7",0.19547,"0500000US53027","Grays Harbor County","Washington",71746
2012,12,2012-12-22,2225,"ca","LAUCN060970000000003","06097","sonoma",38.21,-122.45,"MTR",32100.2642559974,28032.57,"8.0",0.05711,"0500000US06097","Sonoma County","California",490509
2012,2,2012-02-29,1000,"oh","LAUCN391050000000003","39105","meigs",39.05,-82.18,"RLX",1070.00880853325,934.42,"12.8",0.03959,"0500000US39105","Meigs County","Ohio",23602
2012,3,2012-03-13,800,"ca","LAUCN060010000000003","06001","alameda",37.7231,-122.1354,"MTR",10700.0880853325,9344.19,"9.2",0.006,"0500000US06001","Alameda County","California",1555542
2012,3,2012-03-13,800,"ca","LAUCN060130000000003","06013","contra costa",37.8658,-122.1904,"MTR",53500.4404266624,46720.95,"9.5",0.04329,"0500000US06013","Contra Costa County","California",1078242
2012,3,2012-03-14,800,"ca","LAUCN060550000000003","06055","napa",38.22,-122.28,"MTR",32100.2642559974,28032.57,"9.4",0.20148,"0500000US06055","Napa County","California",138898
2012,3,2012-03-14,800,"ca","LAUCN060810000000003","06081","san mateo",37.63,-122.45,"MTR",53500.4404266624,46720.95,"6.9",0.06307,"0500000US06081","San Mateo County","California",739982
2012,3,2012-03-16,1840,"ca","LAUCN060870000000003","06087","santa cruz",37.0705,-121.9874,"MTR",16050.1321279987,213514.76,"14.3",0.80078,"0500000US06087","Santa Cruz County","California",266435
2012,3,2012-03-15,800,"ca","LAUCN060870000000003","06087","santa cruz",37.0267,-122.0231,"MTR",214001.761706649,213514.76,"14.3",0.80078,"0500000US06087","Santa Cruz County","California",266435
2012,3,2012-03-13,800,"ca","LAUCN060870000000003","06087","santa cruz",37.0118,-122.0342,"MTR",5350.04404266624,213514.76,"14.3",0.80078,"0500000US06087","Santa Cruz County","California",266435
2012,3,2012-03-18,800,"ca","LAUCN060870000000003","06087","santa cruz",36.9741,-122.0308,"MTR",5350.04404266624,213514.76,"14.3",0.80078,"0500000US06087","Santa Cruz County","California",266435
2012,3,2012-03-15,800,"ca","LAUCN060870000000003","06087","santa cruz",36.9642,-122.0186,"MTR",3745.03082986637,213514.76,"14.3",0.80078,"0500000US06087","Santa Cruz County","California",266435
2012,3,2012-03-26,1400,"id","LAUCN160570000000003","16057","latah",46.6153,-116.6463,"OTX",13910.1145109322,12147.45,"6.8",0.31835,"0500000US16057","Latah County","Idaho",38187
2012,3,2012-03-15,51,"ky","LAUCN211210000000003","21121","knox",36.87,-83.88,"JKL",21400.1761706649,18688.38,"12.5",0.58954,"0500000US21121","Knox County","Kentucky",31741
2012,4,2012-04-13,500,"az","LAUCN040150000000003","04015","mohave",35.15,-114.57,"VEF",107000.880853325,93441.9,"10.6",0.45991,"0500000US04015","Mohave County","Arizona",203126
2012,4,2012-04-30,500,"fl","LAUCN120110000000003","12011","broward",25.9935,-80.154,"MFL",10700.0880853325,9344.19,"7.7",0.00513,"0500000US12011","Broward County","Florida",1816552
2012,4,2012-04-05,615,"la","LAUCN221010000000003","22101","st. mary",29.7,-91.2,"LCH",5350.04404266624,4672.1,"7.4",0.08729,"0500000US22101","St. Mary Parish","Louisiana",53554
2012,5,2012-05-19,2245,"tn","LAUCN470030000000003","47003","bedford",35.55,-86.56,"OHX",2140.01761706649,1868.84,"9.5",0.04116,"0500000US47003","Bedford County","Tennessee",45307
2012,6,2012-06-24,1700,"fl","LAUCN121030000000003","12103","pinellas",27.9086,-82.7041,"TBW",0,0,"8.3",0,"0500000US12103","Pinellas County","Florida",922075
2012,6,2012-06-24,1200,"fl","LAUCN121030000000003","12103","pinellas",27.9,-82.85,"TBW",0,0,"8.3",0,"0500000US12103","Pinellas County","Florida",922075
2012,6,2012-06-24,1100,"fl","LAUCN121030000000003","12103","pinellas",27.9609,-82.7876,"TBW",0,0,"8.3",0,"0500000US12103","Pinellas County","Florida",922075
2012,6,2012-06-24,1700,"fl","LAUCN121050000000003","12105","polk",27.9982,-81.7466,"TBW",0,0,"10.2",0,"0500000US12105","Polk County","Florida",615294
2012,7,2012-07-14,2245,"az","LAUCN040130000000003","04013","maricopa",33.3556,-111.7895,"PSR",117700.968938657,107458.19,"7.9",0.02725,"0500000US04013","Maricopa County","Arizona",3942959
2012,7,2012-07-14,2230,"az","LAUCN040130000000003","04013","maricopa",33.31,-111.8,"PSR",0,107458.19,"7.9",0.02725,"0500000US04013","Maricopa County","Arizona",3942959
2012,7,2012-07-21,230,"az","LAUCN040130000000003","04013","maricopa",33.72,-112.15,"PSR",0,107458.19,"7.9",0.02725,"0500000US04013","Maricopa County","Arizona",3942959
2012,7,2012-07-31,2330,"az","LAUCN040130000000003","04013","maricopa",33.86,-112.14,"PSR",0,107458.19,"7.9",0.02725,"0500000US04013","Maricopa County","Arizona",3942959
2012,7,2012-07-31,30,"az","LAUCN040130000000003","04013","maricopa",33.85,-112.14,"PSR",0,107458.19,"7.9",0.02725,"0500000US04013","Maricopa County","Arizona",3942959
2012,7,2012-07-14,2220,"az","LAUCN040130000000003","04013","maricopa",33.35,-111.76,"PSR",5350.04404266624,107458.19,"7.9",0.02725,"0500000US04013","Maricopa County","Arizona",3942959
2012,7,2012-07-04,1815,"az","LAUCN040130000000003","04013","maricopa",33.621,-112.4,"PSR",0,107458.19,"7.9",0.02725,"0500000US04013","Maricopa County","Arizona",3942959
2012,7,2012-07-15,2315,"az","LAUCN040190000000003","04019","pima",32.2578,-110.9702,"TWC",80250.6606399936,70081.43,"8.1",0.07057,"0500000US04019","Pima County","Arizona",992490
2012,7,2012-07-29,2345,"az","LAUCN040210000000003","04021","pinal",33.23,-111.52,"PSR",0,233604.75,"9.2",0.60191,"0500000US04021","Pinal County","Arizona",382259
2012,7,2012-07-04,1600,"az","LAUCN040210000000003","04021","pinal",32.89,-111.74,"PSR",0,233604.75,"9.2",0.60191,"0500000US04021","Pinal County","Arizona",382259
2012,7,2012-07-04,1600,"az","LAUCN040210000000003","04021","pinal",32.88,-111.95,"PSR",0,233604.75,"9.2",0.60191,"0500000US04021","Pinal County","Arizona",382259
2012,7,2012-07-04,1530,"az","LAUCN040210000000003","04021","pinal",32.75,-111.67,"PSR",267502.202133312,233604.75,"9.2",0.60191,"0500000US04021","Pinal County","Arizona",382259
2012,7,2012-07-22,2348,"co","LAUCN080770000000003","08077","mesa",39.08,-108.13,"GJT",0,9344.19,"9.7",0.06325,"0500000US08077","Mesa County","Colorado",147471
2012,7,2012-07-31,2311,"co","LAUCN080770000000003","08077","mesa",38.95,-108.66,"GJT",0,9344.19,"9.7",0.06325,"0500000US08077","Mesa County","Colorado",147471
2012,7,2012-07-23,2350,"co","LAUCN080770000000003","08077","mesa",39.15,-108.73,"GJT",10700.0880853325,9344.19,"9.7",0.06325,"0500000US08077","Mesa County","Colorado",147471
2012,7,2012-07-20,2115,"nc","LAUCN371190000000003","37119","mecklenburg",35.15,-80.83,"GSP",1177009.68938657,1027860.92,"9.4",1.06099,"0500000US37119","Mecklenburg County","North Carolina",968367
2012,7,2012-07-20,2215,"nc","LAUCN371590000000003","37159","rowan",35.6833,-80.5164,"GSP",5350.04404266624,4672.1,"11.2",0.03388,"0500000US37159","Rowan County","North Carolina",137832
2012,7,2012-07-04,2300,"vt","LAUCN500070000000003","50007","chittenden",44.5691,-73.3022,"BTV",53500.4404266624,46720.95,"4.2",0.29451,"0500000US50007","Chittenden County","Vermont",158772
2012,8,2012-08-07,440,"az","LAUCN040030000000003","04003","cochise",31.6289,-110.3343,"TWC",80250.6606399936,70081.43,"9.5",0.53125,"0500000US04003","Cochise County","Arizona",131843
2012,8,2012-08-22,2100,"nc","LAUCN370710000000003","37071","gaston",35.25,-81.19,"GSP",5350.04404266624,4672.1,"10.7",0.02244,"0500000US37071","Gaston County","North Carolina",208128
2012,8,2012-08-18,1430,"tx","LAUCN483090000000003","48309","mclennan",31.8181,-97.0985,"FWD",69550.5725546611,60737.24,"6.8",0.25359,"0500000US48309","McLennan County","Texas",239385
2012,8,2012-08-18,2000,"tx","LAUCN484250000000003","48425","somervell",32.2478,-97.7372,"FWD",21400.1761706649,18688.38,"6.9",2.17458,"0500000US48425","Somervell County","Texas",8591
2012,9,2012-09-07,1600,"az","LAUCN040130000000003","04013","maricopa",33.31,-111.8,"PSR",0,9344.19,"7.1",0.00237,"0500000US04013","Maricopa County","Arizona",3942959
2012,9,2012-09-07,1600,"az","LAUCN040130000000003","04013","maricopa",33.4868,-111.9117,"PSR",10700.0880853325,9344.19,"7.1",0.00237,"0500000US04013","Maricopa County","Arizona",3942959
2012,9,2012-09-04,25,"az","LAUCN040130000000003","04013","maricopa",33.5,-112.03,"PSR",0,9344.19,"7.1",0.00237,"0500000US04013","Maricopa County","Arizona",3942959
2012,9,2012-09-04,1430,"az","LAUCN040190000000003","04019","pima",31.8423,-110.9578,"TWC",16050.1321279987,28032.58,"7.2",0.02823,"0500000US04019","Pima County","Arizona",992490
2012,9,2012-09-06,2200,"az","LAUCN040190000000003","04019","pima",32.37,-112.87,"TWC",16050.1321279987,28032.58,"7.2",0.02823,"0500000US04019","Pima County","Arizona",992490
2012,9,2012-09-07,120,"in","LAUCN180510000000003","18051","gibson",38.35,-87.57,"PAH",0,9344.19,"6.2",0.27851,"0500000US18051","Gibson County","Indiana",33565
2012,9,2012-09-26,600,"in","LAUCN180510000000003","18051","gibson",38.48,-87.53,"PAH",10700.0880853325,9344.19,"6.2",0.27851,"0500000US18051","Gibson County","Indiana",33565
2012,9,2012-09-28,510,"tx","LAUCN484790000000003","48479","webb",27.5601,-99.4694,"CRP",107000.880853325,93441.9,"6.0",0.35941,"0500000US48479","Webb County","Texas",259738
2012,9,2012-09-28,501,"tx","LAUCN484790000000003","48479","webb",27.57,-99.49,"CRP",0,93441.9,"6.0",0.35941,"0500000US48479","Webb County","Texas",259738
2013,1,2013-01-13,720,"ky","LAUCN211450000000003","21145","mccracken",37.0169,-88.6291,"PAH",5428.40814113538,4604.65,"8.7",0.07043,"0500000US21145","McCracken County","Kentucky",65368
2013,1,2013-01-14,1400,"nc","LAUCN371730000000003","37173","swain",35.43,-83.45,"GSP",217136.325645415,184185.92,"18.4",13.14299,"0500000US37173","Swain County","North Carolina",14017
2013,1,2013-01-30,145,"wv","LAUCN540530000000003","54053","mason",38.6742,-81.8405,"RLX",0,0,"10.3",0,"0500000US54053","Mason County","West Virginia",27159
2013,10,2013-10-02,2030,"in","LAUCN181630000000003","18163","vanderburgh",37.98,-87.55,"PAH",10856.8162822708,9209.3,"6.5",0.05073,"0500000US18163","Vanderburgh County","Indiana",181693
2013,10,2013-10-02,400,"ne","LAUCN310010000000003","31001","adams",40.6,-98.43,"GID",0,368371.84,"3.2",11.66435,"0500000US31001","Adams County","Nebraska",31590
2013,10,2013-10-02,200,"ne","LAUCN310010000000003","31001","adams",40.51,-98.55,"GID",0,368371.84,"3.2",11.66435,"0500000US31001","Adams County","Nebraska",31590
2013,10,2013-10-02,200,"ne","LAUCN310010000000003","31001","adams",40.58,-98.51,"GID",434272.651290831,368371.84,"3.2",11.66435,"0500000US31001","Adams County","Nebraska",31590
2013,10,2013-10-02,200,"ne","LAUCN310010000000003","31001","adams",40.49,-98.29,"GID",0,368371.84,"3.2",11.66435,"0500000US31001","Adams County","Nebraska",31590
2013,10,2013-10-02,200,"ne","LAUCN310010000000003","31001","adams",40.47,-98.4,"GID",0,368371.84,"3.2",11.66435,"0500000US31001","Adams County","Nebraska",31590
2013,10,2013-10-02,200,"ne","LAUCN310010000000003","31001","adams",40.61,-98.48,"GID",0,368371.84,"3.2",11.66435,"0500000US31001","Adams County","Nebraska",31590
2013,10,2013-10-02,200,"ne","LAUCN310010000000003","31001","adams",40.56,-98.48,"GID",0,368371.84,"3.2",11.66435,"0500000US31001","Adams County","Nebraska",31590
2013,10,2013-10-02,200,"ne","LAUCN310010000000003","31001","adams",40.56,-98.35,"GID",0,368371.84,"3.2",11.66435,"0500000US31001","Adams County","Nebraska",31590
2013,10,2013-10-02,200,"ne","LAUCN310010000000003","31001","adams",40.56,-98.61,"GID",0,368371.84,"3.2",11.66435,"0500000US31001","Adams County","Nebraska",31590
2013,10,2013-10-02,2000,"ne","LAUCN310770000000003","31077","greeley",41.47,-98.63,"GID",0,230232.4,"2.9",92.72348,"0500000US31077","Greeley County","Nebraska",2477
2013,10,2013-10-02,2000,"ne","LAUCN310770000000003","31077","greeley",41.45,-98.46,"GID",271420.407056769,230232.4,"2.9",92.72348,"0500000US31077","Greeley County","Nebraska",2477
2013,10,2013-10-02,2000,"ne","LAUCN310770000000003","31077","greeley",41.47,-98.63,"GID",0,230232.4,"2.9",92.72348,"0500000US31077","Greeley County","Nebraska",2477
2013,10,2013-10-02,2100,"ne","LAUCN310930000000003","31093","howard",41.25,-98.64,"GID",271420.407056769,230232.4,"3.3",36.30853,"0500000US31093","Howard County","Nebraska",6346
2013,10,2013-10-14,1555,"tx","LAUCN481330000000003","48133","eastland",32.4947,-98.5446,"FWD",54284.0814113538,46046.48,"5.4",2.52268,"0500000US48133","Eastland County","Texas",18231
2013,10,2013-10-14,1730,"tx","LAUCN481450000000003","48145","falls",31.2928,-97.121,"FWD",32570.4488468123,27627.89,"6.8",1.59773,"0500000US48145","Falls County","Texas",17201
2013,10,2013-10-27,800,"tx","LAUCN482890000000003","48289","leon",31.0267,-96.1231,"FWD",130281.795387249,110511.55,"6.3",6.61984,"0500000US48289","Leon County","Texas",16668
2013,10,2013-10-14,1145,"tx","LAUCN484390000000003","48439","tarrant",32.7814,-97.2126,"FWD",16285.2244234062,13813.94,"5.8",0.00722,"0500000US48439","Tarrant County","Texas",1912501
2013,10,2013-10-14,1040,"tx","LAUCN484970000000003","48497","wise",33.4066,-97.8186,"FWD",43427.2651290831,36837.18,"5.6",0.60386,"0500000US48497","Wise County","Texas",61025
2013,10,2013-10-14,830,"tx","LAUCN485030000000003","48503","young",33.1,-98.6,"FWD",16285.2244234062,13813.94,"4.9",0.75256,"0500000US48503","Young County","Texas",18369
2013,11,2013-11-21,1800,"nv","LAUCN320030000000003","32003","clark",36.17,-115.15,"VEF",868545.302581661,736743.69,"8.8",0.36305,"0500000US32003","Clark County","Nevada",2025096
2013,11,2013-11-26,200,"wv","LAUCN541010000000003","54101","webster",38.5646,-80.3193,"RLX",0,0,"10.0",0,"0500000US54101","Webster County","West Virginia",8873
2013,12,2013-12-21,1040,"tx","LAUCN481130000000003","48113","dallas",32.7498,-96.8944,"FWD",14113.861166952,23944.16,"5.6",0.00963,"0500000US48113","Dallas County","Texas",2479810
2013,12,2013-12-21,918,"tx","LAUCN481130000000003","48113","dallas",32.6915,-96.8233,"FWD",14113.861166952,23944.16,"5.6",0.00963,"0500000US48113","Dallas County","Texas",2479810
2013,4,2013-04-17,1952,"ia","LAUCN190510000000003","19051","davis",40.8,-92.48,"DMX",10856.8162822708,9209.3,"5.4",1.05009,"0500000US19051","Davis County","Iowa",8762
2013,4,2013-04-12,530,"nc","LAUCN371110000000003","37111","mcdowell",35.68,-82,"GSP",54284.0814113538,46046.48,"8.8",1.02419,"0500000US37111","McDowell County","North Carolina",44990
2013,4,2013-04-28,1930,"tn","LAUCN471530000000003","47153","sequatchie",35.4005,-85.4051,"MRX",1085.68162822708,920.93,"8.2",0.06297,"0500000US47153","Sequatchie County","Tennessee",14663
2013,4,2013-04-27,2230,"tx","LAUCN481570000000003","48157","fort bend",29.62,-95.62,"HGX",21713.6325645415,18418.59,"5.2",0.02814,"0500000US48157","Fort Bend County","Texas",653252
2013,5,2013-05-25,1130,"tx","LAUCN480250000000003","48025","bee",28.48,-97.67,"CRP",21713.6325645415,18418.59,"6.6",0.56201,"0500000US48025","Bee County","Texas",32773
2013,5,2013-05-10,1210,"tx","LAUCN482010000000003","48201","harris",29.7211,-95.3107,"HGX",1628.52244234062,1381.39,"6.0",0.00032,"0500000US48201","Harris County","Texas",4346883
2013,6,2013-06-11,1945,"fl","LAUCN120690000000003","12069","lake",28.81,-81.64,"MLB",10856.8162822708,9209.3,"7.7",0.02989,"0500000US12069","Lake County","Florida",307922
2013,6,2013-06-06,1645,"fl","LAUCN121030000000003","12103","pinellas",27.9825,-82.7112,"TBW",5428.40814113538,4604.65,"7.0",0.00495,"0500000US12103","Pinellas County","Florida",929085
2013,6,2013-06-23,2125,"il","LAUCN170550000000003","17055","franklin",37.9,-88.92,"PAH",10856.8162822708,11972.09,"12.1",0.30254,"0500000US17055","Franklin County","Illinois",39574
2013,6,2013-06-01,630,"il","LAUCN170550000000003","17055","franklin",38,-88.92,"PAH",3257.04488468123,11972.09,"12.1",0.30254,"0500000US17055","Franklin County","Illinois",39574
2013,6,2013-06-01,800,"il","LAUCN171270000000003","17127","massac",37.22,-88.73,"PAH",3257.04488468123,2762.79,"10.6",0.18443,"0500000US17127","Massac County","Illinois",14974
2013,6,2013-06-18,1201,"oh","LAUCN390170000000003","39017","butler",39.5499,-84.3836,"ILN",3257.04488468123,2762.79,"8.1",0.00744,"0500000US39017","Butler County","Ohio",371092
2013,6,2013-06-19,2351,"sc","LAUCN450530000000003","45053","jasper",32.31,-81.04,"CHS",1085.68162822708,920.93,"7.5",0.03448,"0500000US45053","Jasper County","South Carolina",26624
2013,6,2013-06-24,1600,"wa","LAUCN530070000000003","53007","chelan",47.8873,-120.0586,"OTX",21713.6325645415,18418.59,"6.3",0.24878,"0500000US53007","Chelan County","Washington",73955
2013,6,2013-06-24,1700,"wa","LAUCN530250000000003","53025","grant",46.901,-119.6306,"OTX",16285.2244234062,13813.94,"7.3",0.15001,"0500000US53025","Grant County","Washington",91772
2013,6,2013-06-24,800,"wa","LAUCN530630000000003","53063","spokane",47.809,-117.3127,"OTX",10856.8162822708,9209.3,"8.1",0.01921,"0500000US53063","Spokane County","Washington",479479
2013,6,2013-06-05,2345,"wv","LAUCN540050000000003","54005","boone",37.8995,-81.6723,"RLX",10856.8162822708,9209.3,"9.3",0.38233,"0500000US54005","Boone County","West Virginia",24078
2013,6,2013-06-13,1000,"wv","LAUCN540530000000003","54053","mason",38.9163,-82.0512,"RLX",434272.651290831,368371.84,"9.7",13.57002,"0500000US54053","Mason County","West Virginia",27159
2013,6,2013-06-06,2140,"wv","LAUCN540790000000003","54079","putnam",38.4454,-81.8431,"RLX",217136.325645415,184185.92,"5.7",3.25497,"0500000US54079","Putnam County","West Virginia",56597
2013,7,2013-07-26,1800,"az","LAUCN040120000000003","04012","la paz",34.13,-114.28,"PSR",6514.08976936246,5525.58,"7.6",0.27178,"0500000US04012","La Paz County","Arizona",20379
2013,7,2013-07-26,2100,"az","LAUCN040190000000003","04019","pima",32.1716,-110.9579,"TWC",32570.4488468123,27627.89,"7.3",0.02768,"0500000US04019","Pima County","Arizona",996634
2013,7,2013-07-22,2100,"az","LAUCN040210000000003","04021","pinal",32.7763,-111.6094,"TWC",16285.2244234062,13813.94,"8.5",0.03533,"0500000US04021","Pinal County","Arizona",384978
2013,7,2013-07-26,2100,"az","LAUCN040210000000003","04021","pinal",33.43,-111.51,"PSR",0,13813.94,"8.5",0.03533,"0500000US04021","Pinal County","Arizona",384978
2013,7,2013-07-20,145,"az","LAUCN040210000000003","04021","pinal",33.2,-111.65,"PSR",0,13813.94,"8.5",0.03533,"0500000US04021","Pinal County","Arizona",384978
2013,7,2013-07-13,400,"ga","LAUCN132510000000003","13251","screven",32.5867,-81.518,"CHS",10856.8162822708,9209.3,"13.5",0.64781,"0500000US13251","Screven County","Georgia",14179
2013,7,2013-07-21,100,"il","LAUCN170550000000003","17055","franklin",37.97,-89.05,"PAH",5428.40814113538,4604.65,"12.5",0.11636,"0500000US17055","Franklin County","Illinois",39574
2013,7,2013-07-01,2350,"ky","LAUCN211850000000003","21185","oldham",38.4595,-85.4439,"LMK",3257.04488468123,2762.79,"5.9",0.04424,"0500000US21185","Oldham County","Kentucky",63059
2013,7,2013-07-19,2200,"nm","LAUCN350010000000003","35001","bernalillo",35.1298,-106.5353,"ABQ",21713.6325645415,248650.99,"7.0",0.36844,"0500000US35001","Bernalillo County","New Mexico",674460
2013,7,2013-07-26,700,"nm","LAUCN350010000000003","35001","bernalillo",35.1904,-106.5949,"ABQ",271420.407056769,248650.99,"7.0",0.36844,"0500000US35001","Bernalillo County","New Mexico",674460
2013,7,2013-07-03,823,"sc","LAUCN450270000000003","45027","clarendon",33.53,-80.2,"CAE",2171.36325645415,1841.86,"10.9",0.05384,"0500000US45027","Clarendon County","South Carolina",34180
2013,7,2013-07-31,2212,"sc","LAUCN450290000000003","45029","colleton",32.96,-80.8,"CHS",542.840814113538,460.46,"10.2",0.01217,"0500000US45029","Colleton County","South Carolina",37781
2013,7,2013-07-31,2135,"sc","LAUCN450350000000003","45035","dorchester",33.1624,-80.6249,"CHS",542.840814113538,460.46,"7.0",0.00317,"0500000US45035","Dorchester County","South Carolina",145310
2013,7,2013-07-09,200,"sc","LAUCN450590000000003","45059","laurens",34.52,-82.19,"GSP",0,0,"9.0",0,"0500000US45059","Laurens County","South Carolina",66159
2013,7,2013-07-21,45,"sc","LAUCN450630000000003","45063","lexington",33.99,-81.08,"CAE",2171.36325645415,3683.72,"6.0",0.01346,"0500000US45063","Lexington County","South Carolina",273373
2013,7,2013-07-21,100,"sc","LAUCN450630000000003","45063","lexington",33.94,-81.12,"CAE",2171.36325645415,3683.72,"6.0",0.01346,"0500000US45063","Lexington County","South Carolina",273373
2013,7,2013-07-21,35,"sc","LAUCN450790000000003","45079","richland",34.04,-80.99,"CAE",2171.36325645415,1841.86,"7.3",0.00463,"0500000US45079","Richland County","South Carolina",397488
2013,7,2013-07-10,2243,"tn","LAUCN470190000000003","47019","carter",36.2595,-82.1446,"MRX",1085.68162822708,920.93,"9.3",0.01606,"0500000US47019","Carter County","Tennessee",56982
2013,7,2013-07-18,0,"tn","LAUCN471070000000003","47107","mcminn",35.3402,-84.5426,"MRX",542.840814113538,460.46,"9.2",0.00879,"0500000US47107","McMinn County","Tennessee",52405
2013,7,2013-07-21,1945,"wv","LAUCN540110000000003","54011","cabell",38.4169,-82.45,"RLX",21713.6325645415,18418.59,"5.8",0.18953,"0500000US54011","Cabell County","West Virginia",96938
2013,7,2013-07-10,2341,"wv","LAUCN540150000000003","54015","clay",38.507,-81.1336,"RLX",1085.68162822708,920.93,"11.1",0.10008,"0500000US54015","Clay County","West Virginia",9205
2013,7,2013-07-19,100,"wv","LAUCN540190000000003","54019","fayette",38.1424,-81.1361,"RLX",6514.08976936246,5525.58,"7.8",0.12126,"0500000US54019","Fayette County","West Virginia",45634
2013,7,2013-07-10,24,"wv","LAUCN540390000000003","54039","kanawha",38.4915,-81.6118,"RLX",1085.68162822708,74595.3,"5.6",0.38975,"0500000US54039","Kanawha County","West Virginia",191404
2013,7,2013-07-02,30,"wv","LAUCN540390000000003","54039","kanawha",38.3533,-81.8159,"RLX",81426.1221170308,74595.3,"5.6",0.38975,"0500000US54039","Kanawha County","West Virginia",191404
2013,7,2013-07-11,0,"wv","LAUCN540390000000003","54039","kanawha",38.4265,-81.7456,"RLX",5428.40814113538,74595.3,"5.6",0.38975,"0500000US54039","Kanawha County","West Virginia",191404
2013,7,2013-07-22,2245,"wv","LAUCN540790000000003","54079","putnam",38.6334,-81.9032,"RLX",0,0,"5.5",0,"0500000US54079","Putnam County","West Virginia",56597
2013,7,2013-07-06,2000,"wv","LAUCN540990000000003","54099","wayne",38.37,-82.55,"RLX",5428.40814113538,4604.65,"6.8",0.11089,"0500000US54099","Wayne County","West Virginia",41653
2013,7,2013-07-08,915,"wi","LAUCN550870000000003","55087","outagamie",44.2786,-88.4386,"GRB",106939.640380367,90711.57,"6.2",0.50332,"0500000US55087","Outagamie County","Wisconsin",180252
2013,7,2013-07-15,2115,"wi","LAUCN551330000000003","55133","waukesha",43.07,-88.53,"MKX",36913.1753597206,31311.61,"5.7",0.07948,"0500000US55133","Waukesha County","Wisconsin",394059
2013,8,2013-08-22,20,"az","LAUCN040190000000003","04019","pima",32.3825,-111.0484,"TWC",10856.8162822708,9209.3,"7.4",0.00923,"0500000US04019","Pima County","Arizona",996634
2013,8,2013-08-10,1100,"ky","LAUCN211750000000003","21175","morgan",37.9366,-83.3209,"JKL",1085.68162822708,920.93,"9.9",0.06899,"0500000US21175","Morgan County","Kentucky",13390
2013,8,2013-08-22,2035,"nc","LAUCN371290000000003","37129","new hanover",34.237,-77.9322,"ILM",2171.36325645415,1841.86,"7.3",0.00864,"0500000US37129","New Hanover County","North Carolina",213186
2013,8,2013-08-17,1500,"nc","LAUCN371290000000003","37129","new hanover",34.14,-77.8936,"ILM",0,1841.86,"7.3",0.00864,"0500000US37129","New Hanover County","North Carolina",213186
2013,8,2013-08-17,1520,"nc","LAUCN371290000000003","37129","new hanover",34.18,-77.88,"ILM",0,1841.86,"7.3",0.00864,"0500000US37129","New Hanover County","North Carolina",213186
2013,8,2013-08-05,425,"sd","LAUCN461030000000003","46103","pennington",44.1049,-103.2116,"UNR",10856.8162822708,9209.3,"3.3",0.08658,"0500000US46103","Pennington County","South Dakota",106221
2013,8,2013-08-21,2345,"wv","LAUCN540390000000003","54039","kanawha",38.38,-81.83,"RLX",86854.5302581662,96697.61,"5.7",0.50523,"0500000US54039","Kanawha County","West Virginia",191404
2013,8,2013-08-21,1600,"wv","LAUCN540390000000003","54039","kanawha",38.42,-81.78,"RLX",27142.0407056769,96697.61,"5.7",0.50523,"0500000US54039","Kanawha County","West Virginia",191404
2013,8,2013-08-29,2200,"wi","LAUCN550850000000003","55085","oneida",45.63,-89.41,"GRB",2171.36325645415,1841.86,"6.7",0.0516,"0500000US55085","Oneida County","Wisconsin",35658
2013,8,2013-08-02,2330,"wy","LAUCN560050000000003","56005","campbell",44.2819,-105.4833,"UNR",0,4604.65,"3.8",0.09551,"0500000US56005","Campbell County","Wyoming",48116
2013,8,2013-08-03,300,"wy","LAUCN560050000000003","56005","campbell",44.7728,-105.8918,"UNR",5428.40814113538,4604.65,"3.8",0.09551,"0500000US56005","Campbell County","Wyoming",48116
2013,9,2013-09-18,2330,"il","LAUCN170310000000003","17031","cook",41.9363,-87.6929,"LOT",0,0,"9.2",0,"0500000US17031","Cook County","Illinois",5240283
2013,9,2013-09-19,400,"tx","LAUCN484970000000003","48497","wise",33.0451,-97.4644,"FWD",16285.2244234062,13813.94,"5.8",0.22645,"0500000US48497","Wise County","Texas",61025
2013,9,2013-09-05,1400,"wa","LAUCN530330000000003","53033","king",47.47,-122.35,"SEW",10856.8162822708,9209.3,"5.1",0.0045,"0500000US53033","King County","Washington",2045874
2013,9,2013-09-28,800,"wa","LAUCN530530000000003","53053","pierce",47.23,-122.45,"SEW",54284.0814113538,46046.48,"7.6",0.05614,"0500000US53053","Pierce County","Washington",818619
2013,9,2013-09-20,1515,"wv","LAUCN540330000000003","54033","harrison",39.2834,-80.5493,"RLX",5428.40814113538,4604.65,"5.0",0.06681,"0500000US54033","Harrison County","West Virginia",68955
2014,11,2014-11-25,1700,"fl","LAUCN121270000000003","12127","volusia",29.0354,-80.9093,"MLB",16547.7326959704,13593.43,"6.4",0.02678,"0500000US12127","Volusia County","Florida",507913
2014,11,2014-11-23,930,"tx","LAUCN482230000000003","48223","hopkins",33.1435,-95.5654,"FWD",110318.217973136,90622.89,"4.2",2.52284,"0500000US48223","Hopkins County","Texas",35840
2014,11,2014-11-04,130,"tx","LAUCN483090000000003","48309","mclennan",31.4209,-97.1937,"FWD",11031.8217973136,9062.29,"4.4",0.03723,"0500000US48309","McLennan County","Texas",243014
2014,12,2014-12-06,1330,"wv","LAUCN540350000000003","54035","jackson",38.8805,-81.7406,"RLX",33095.4653919409,27186.87,"6.5",0.93342,"0500000US54035","Jackson County","West Virginia",29138
2014,2,2014-02-28,2200,"nv","LAUCN320030000000003","32003","clark",36.1103,-115.182,"VEF",275795.544932841,226557.22,"8.5",0.10946,"0500000US32003","Clark County","Nevada",2064899
2014,3,2014-03-28,1215,"ms","LAUCN280730000000003","28073","lamar",31.14,-89.41,"JAN",11031.8217973136,9062.29,"5.1",0.15079,"0500000US28073","Lamar County","Mississippi",59883
2014,4,2014-04-29,2230,"ky","LAUCN210430000000003","21043","carter",38.1975,-82.9471,"RLX",13238.1861567764,10874.75,"10.1",0.39947,"0500000US21043","Carter County","Kentucky",27318
2014,4,2014-04-14,2327,"ms","LAUCN281050000000003","28105","oktibbeha",33.46,-88.82,"JAN",3309.54653919409,2718.69,"6.3",0.05502,"0500000US28105","Oktibbeha County","Mississippi",49303
2014,4,2014-04-29,801,"nc","LAUCN370210000000003","37021","buncombe",35.63,-82.58,"GSP",441272.871892545,362491.55,"4.3",1.44685,"0500000US37021","Buncombe County","North Carolina",249997
2014,5,2014-05-29,1615,"ar","LAUCN051190000000003","05119","pulaski",34.8148,-92.3677,"LZK",27579.5544932841,22655.72,"5.6",0.05769,"0500000US05119","Pulaski County","Arkansas",392633
2014,5,2014-05-15,1715,"fl","LAUCN121070000000003","12107","putnam",29.65,-81.66,"JAX",16547.7326959704,13593.43,"8.4",0.18842,"0500000US12107","Putnam County","Florida",71936
2014,5,2014-05-25,600,"ky","LAUCN210350000000003","21035","calloway",36.62,-88.32,"PAH",8825.4574378509,7249.83,"5.8",0.18938,"0500000US21035","Calloway County","Kentucky",38282
2014,5,2014-05-28,2300,"wv","LAUCN540350000000003","54035","jackson",39.0097,-81.7594,"RLX",2206.36435946273,1812.46,"6.0",0.06223,"0500000US54035","Jackson County","West Virginia",29138
2014,6,2014-06-16,2200,"mn","LAUCN270990000000003","27099","mower",43.57,-92.73,"ARX",33095.4653919409,27186.87,"3.9",0.69137,"0500000US27099","Mower County","Minnesota",39266
2014,6,2014-06-20,400,"ne","LAUCN310350000000003","31035","clay",40.52,-98.05,"GID",0,22655.72,"3.3",3.5876,"0500000US31035","Clay County","Nebraska",6308
2014,6,2014-06-20,400,"ne","LAUCN310350000000003","31035","clay",40.5,-98.12,"GID",27579.5544932841,22655.72,"3.3",3.5876,"0500000US31035","Clay County","Nebraska",6308
2014,6,2014-06-20,400,"ne","LAUCN310350000000003","31035","clay",40.52,-98.09,"GID",0,22655.72,"3.3",3.5876,"0500000US31035","Clay County","Nebraska",6308
2014,6,2014-06-25,225,"or","LAUCN410670000000003","41067","washington",45.4966,-122.7628,"PQR",154445.505162391,126872.04,"5.8",0.22535,"0500000US41067","Washington County","Oregon",562176
2014,6,2014-06-24,2200,"tx","LAUCN484390000000003","48439","tarrant",32.7259,-97.345,"FWD",551591.089865681,453114.44,"5.3",0.23292,"0500000US48439","Tarrant County","Texas",1944512
2014,6,2014-06-26,2100,"wa","LAUCN530630000000003","53063","spokane",47.6549,-117.4216,"OTX",14341.3683365077,11780.98,"6.3",0.02432,"0500000US53063","Spokane County","Washington",484337
2014,6,2014-06-04,200,"wv","LAUCN540390000000003","54039","kanawha",38.3371,-81.6061,"RLX",2206.36435946273,6343.6,"5.8",0.03335,"0500000US54039","Kanawha County","West Virginia",190167
2014,6,2014-06-13,1800,"wv","LAUCN540390000000003","54039","kanawha",38.3562,-81.6569,"RLX",5515.91089865681,6343.6,"5.8",0.03335,"0500000US54039","Kanawha County","West Virginia",190167
2014,6,2014-06-01,2010,"wi","LAUCN550150000000003","55015","calumet",44.0225,-88.1129,"GRB",0,22655.72,"4.4",0.45777,"0500000US55015","Calumet County","Wisconsin",49507
2014,6,2014-06-24,30,"wi","LAUCN550150000000003","55015","calumet",44.055,-88.307,"GRB",27579.5544932841,22655.72,"4.4",0.45777,"0500000US55015","Calumet County","Wisconsin",49507
2014,6,2014-06-01,2010,"wi","LAUCN550150000000003","55015","calumet",43.9865,-88.1196,"GRB",0,22655.72,"4.4",0.45777,"0500000US55015","Calumet County","Wisconsin",49507
2014,6,2014-06-01,2320,"wi","LAUCN550390000000003","55039","fond du lac",43.836,-88.8173,"MKX",551.591089865682,453.11,"5.1",0.00445,"0500000US55039","Fond du Lac County","Wisconsin",102018
2014,6,2014-06-02,1335,"wi","LAUCN551350000000003","55135","waupaca",44.37,-89.12,"GRB",551.591089865682,453.11,"5.7",0.0087,"0500000US55135","Waupaca County","Wisconsin",52108
2014,7,2014-07-08,135,"az","LAUCN040030000000003","04003","cochise",32.0075,-109.7772,"TWC",22063.6435946273,18124.58,"8.9",0.14221,"0500000US04003","Cochise County","Arizona",127321
2014,7,2014-07-31,215,"tx","LAUCN484070000000003","48407","san jacinto",30.501,-94.9895,"HGX",27579.5544932841,22655.72,"6.3",0.83604,"0500000US48407","San Jacinto County","Texas",27058
2014,8,2014-08-11,315,"az","LAUCN040130000000003","04013","maricopa",33.86,-112.12,"PSR",0,181245.78,"6.2",0.04434,"0500000US04013","Maricopa County","Arizona",4083931
2014,8,2014-08-01,300,"az","LAUCN040130000000003","04013","maricopa",33.58,-112.14,"PSR",0,181245.78,"6.2",0.04434,"0500000US04013","Maricopa County","Arizona",4083931
2014,8,2014-08-19,1330,"az","LAUCN040130000000003","04013","maricopa",33.74,-111.99,"PSR",0,181245.78,"6.2",0.04434,"0500000US04013","Maricopa County","Arizona",4083931
2014,8,2014-08-19,1300,"az","LAUCN040130000000003","04013","maricopa",33.67,-112.19,"PSR",0,181245.78,"6.2",0.04434,"0500000US04013","Maricopa County","Arizona",4083931
2014,8,2014-08-12,0,"az","LAUCN040130000000003","04013","maricopa",33.68,-112.23,"PSR",0,181245.78,"6.2",0.04434,"0500000US04013","Maricopa County","Arizona",4083931
2014,8,2014-08-03,0,"az","LAUCN040130000000003","04013","maricopa",33.97,-112.75,"PSR",0,181245.78,"6.2",0.04434,"0500000US04013","Maricopa County","Arizona",4083931
2014,8,2014-08-25,130,"az","LAUCN040130000000003","04013","maricopa",33.97,-112.75,"PSR",0,181245.78,"6.2",0.04434,"0500000US04013","Maricopa County","Arizona",4083931
2014,8,2014-08-19,1300,"az","LAUCN040130000000003","04013","maricopa",33.63,-112.45,"PSR",0,181245.78,"6.2",0.04434,"0500000US04013","Maricopa County","Arizona",4083931
2014,8,2014-08-12,0,"az","LAUCN040130000000003","04013","maricopa",33.4803,-112.0299,"PSR",220636.435946273,181245.78,"6.2",0.04434,"0500000US04013","Maricopa County","Arizona",4083931
2014,8,2014-08-02,2250,"az","LAUCN040130000000003","04013","maricopa",33.66,-112.01,"PSR",0,181245.78,"6.2",0.04434,"0500000US04013","Maricopa County","Arizona",4083931
2014,8,2014-08-12,2300,"az","LAUCN040130000000003","04013","maricopa",33.38,-111.79,"PSR",0,181245.78,"6.2",0.04434,"0500000US04013","Maricopa County","Arizona",4083931
2014,8,2014-08-01,701,"id","LAUCN160050000000003","16005","bannock",42.43,-112.12,"PIH",2206364.35946273,1812457.76,"4.8",21.74593,"0500000US16005","Bannock County","Idaho",83516
2014,8,2014-08-01,701,"id","LAUCN160110000000003","16011","bingham",43.43,-112.82,"PIH",4412728.71892545,3624915.52,"4.7",80.07501,"0500000US16011","Bingham County","Idaho",45191
2014,8,2014-08-01,701,"id","LAUCN160130000000003","16013","blaine",43.87,-114.65,"PIH",4964319.80879113,4078029.96,"3.8",189.83474,"0500000US16013","Blaine County","Idaho",21410
2014,8,2014-08-01,701,"id","LAUCN160190000000003","16019","bonneville",43.48,-112.03,"PIH",6619093.07838818,5437373.28,"4.2",50.05729,"0500000US16019","Bonneville County","Idaho",108381
2014,8,2014-08-01,701,"id","LAUCN160230000000003","16023","butte",43.78,-113,"PIH",3309546.53919409,2718686.64,"4.5",1036.87515,"0500000US16023","Butte County","Idaho",2609
2014,8,2014-08-01,701,"id","LAUCN160290000000003","16029","caribou",42.87,-111.88,"PIH",3309546.53919409,2718686.64,"3.9",397.64321,"0500000US16029","Caribou County","Idaho",6819
2014,8,2014-08-01,701,"id","LAUCN160310000000003","16031","cassia",42.1,-113.63,"PIH",6619093.07838818,5437373.28,"4.0",230.98442,"0500000US16031","Cassia County","Idaho",23547
2014,8,2014-08-01,701,"id","LAUCN160330000000003","16033","clark",44.17,-112.23,"PIH",4412728.71892545,3624915.52,"3.7",4180.98676,"0500000US16033","Clark County","Idaho",874
2014,8,2014-08-01,701,"id","LAUCN160370000000003","16037","custer",44.27,-114.73,"PIH",3309546.53919409,2718686.64,"4.6",656.68759,"0500000US16037","Custer County","Idaho",4150
2014,8,2014-08-01,701,"id","LAUCN160430000000003","16043","fremont",44.5,-111.33,"PIH",2206364.35946273,1812457.76,"3.8",140.86094,"0500000US16043","Fremont County","Idaho",12836
2014,8,2014-08-01,701,"id","LAUCN160510000000003","16051","jefferson",43.93,-112.53,"PIH",4412728.71892545,3624915.52,"4.0",134.15179,"0500000US16051","Jefferson County","Idaho",26988
2014,8,2014-08-01,701,"id","LAUCN160630000000003","16063","lincoln",43.12,-114.25,"PIH",3309546.53919409,2718686.64,"4.6",511.41585,"0500000US16063","Lincoln County","Idaho",5313
2014,8,2014-08-01,701,"id","LAUCN160650000000003","16065","madison",43.82,-111.67,"PIH",2206364.35946273,1812457.76,"3.8",47.64861,"0500000US16065","Madison County","Idaho",38060
2014,8,2014-08-01,701,"id","LAUCN160670000000003","16067","minidoka",42.6,-113.77,"PIH",4412728.71892545,3624915.52,"4.5",178.36518,"0500000US16067","Minidoka County","Idaho",20244
2014,8,2014-08-01,701,"id","LAUCN160710000000003","16071","oneida",42.02,-112.7,"PIH",3309546.53919409,2718686.64,"3.5",649.7817,"0500000US16071","Oneida County","Idaho",4200
2014,8,2014-08-01,701,"id","LAUCN160770000000003","16077","power",42.3529,-112.87,"PIH",7722275.25811954,6343602.16,"6.1",832.8216,"0500000US16077","Power County","Idaho",7663
2014,8,2014-08-01,701,"id","LAUCN160810000000003","16081","teton",43.92,-111.15,"PIH",2206364.35946273,1812457.76,"2.8",175.2691,"0500000US16081","Teton County","Idaho",10300
2014,8,2014-08-20,430,"il","LAUCN171910000000003","17191","wayne",38.5782,-88.418,"PAH",5515.91089865681,4531.14,"6.4",0.2739,"0500000US17191","Wayne County","Illinois",16532
2014,8,2014-08-27,2100,"ks","LAUCN201630000000003","20163","rooks",39.52,-99.27,"GID",16547.7326959704,13593.43,"3.8",2.63694,"0500000US20163","Rooks County","Kansas",5173
2014,8,2014-08-09,1300,"ne","LAUCN310610000000003","31061","franklin",40.1388,-98.8276,"GID",16547.7326959704,13593.43,"3.1",4.41919,"0500000US31061","Franklin County","Nebraska",3075
2014,8,2014-08-25,400,"ne","LAUCN311850000000003","31185","york",40.86,-97.61,"GID",16547.7326959704,13593.43,"2.7",0.97675,"0500000US31185","York County","Nebraska",13915
2014,8,2014-08-13,300,"nm","LAUCN350010000000003","35001","bernalillo",35.1084,-106.6024,"ABQ",0,0,"6.5",0,"0500000US35001","Bernalillo County","New Mexico",674829
2014,8,2014-08-12,2150,"sc","LAUCN450630000000003","45063","lexington",34.03,-81.11,"CAE",2206.36435946273,1812.46,"5.9",0.00652,"0500000US45063","Lexington County","South Carolina",277439
2014,8,2014-08-08,0,"sc","LAUCN450630000000003","45063","lexington",33.91,-81.11,"CAE",0,1812.46,"5.9",0.00652,"0500000US45063","Lexington County","South Carolina",277439
2014,8,2014-08-12,2159,"sc","LAUCN450790000000003","45079","richland",34.13,-80.86,"CAE",1103.18217973136,1812.46,"6.9",0.00451,"0500000US45079","Richland County","South Carolina",401337
2014,8,2014-08-12,2200,"sc","LAUCN450790000000003","45079","richland",34.15,-80.91,"CAE",0,1812.46,"6.9",0.00451,"0500000US45079","Richland County","South Carolina",401337
2014,8,2014-08-12,2205,"sc","LAUCN450790000000003","45079","richland",34.11,-80.88,"CAE",0,1812.46,"6.9",0.00451,"0500000US45079","Richland County","South Carolina",401337
2014,8,2014-08-12,2152,"sc","LAUCN450790000000003","45079","richland",34.07,-81.12,"CAE",1103.18217973136,1812.46,"6.9",0.00451,"0500000US45079","Richland County","South Carolina",401337
2014,8,2014-08-12,2155,"sc","LAUCN450790000000003","45079","richland",34.03,-81.09,"CAE",0,1812.46,"6.9",0.00451,"0500000US45079","Richland County","South Carolina",401337
2014,8,2014-08-31,2030,"sc","LAUCN450790000000003","45079","richland",33.99,-81.02,"CAE",0,1812.46,"6.9",0.00451,"0500000US45079","Richland County","South Carolina",401337
2014,8,2014-08-09,221,"sc","LAUCN450790000000003","45079","richland",33.99,-81.02,"CAE",0,1812.46,"6.9",0.00451,"0500000US45079","Richland County","South Carolina",401337
2014,8,2014-08-18,1238,"wi","LAUCN551210000000003","55121","trempealeau",44.2545,-91.3657,"ARX",27579.5544932841,22655.72,"4.0",0.76776,"0500000US55121","Trempealeau County","Wisconsin",29490
2014,9,2014-09-06,230,"az","LAUCN040130000000003","04013","maricopa",33.67,-112.19,"PSR",0,135934.33,"5.8",0.03326,"0500000US04013","Maricopa County","Arizona",4083931
2014,9,2014-09-27,2130,"az","LAUCN040130000000003","04013","maricopa",33.36,-111.9,"PSR",0,135934.33,"5.8",0.03326,"0500000US04013","Maricopa County","Arizona",4083931
2014,9,2014-09-08,1000,"az","LAUCN040130000000003","04013","maricopa",33.3781,-111.9086,"PSR",55159.1089865681,135934.33,"5.8",0.03326,"0500000US04013","Maricopa County","Arizona",4083931
2014,9,2014-09-08,1000,"az","LAUCN040130000000003","04013","maricopa",33.2913,-112.0088,"PSR",110318.217973136,135934.33,"5.8",0.03326,"0500000US04013","Maricopa County","Arizona",4083931
2014,9,2014-09-27,2130,"az","LAUCN040130000000003","04013","maricopa",33.52,-111.9,"PSR",0,135934.33,"5.8",0.03326,"0500000US04013","Maricopa County","Arizona",4083931
2014,9,2014-09-08,1000,"az","LAUCN040130000000003","04013","maricopa",33.3,-112.02,"PSR",0,135934.33,"5.8",0.03326,"0500000US04013","Maricopa County","Arizona",4083931
2014,9,2014-09-08,1000,"az","LAUCN040130000000003","04013","maricopa",33.32,-111.95,"PSR",0,135934.33,"5.8",0.03326,"0500000US04013","Maricopa County","Arizona",4083931
2014,9,2014-09-27,1300,"fl","LAUCN121050000000003","12105","polk",27.95,-82.042,"TBW",0,13593.43,"7.4",0.02142,"0500000US12105","Polk County","Florida",634932
2014,9,2014-09-26,2030,"fl","LAUCN121050000000003","12105","polk",27.91,-82.02,"TBW",11031.8217973136,13593.43,"7.4",0.02142,"0500000US12105","Polk County","Florida",634932
2014,9,2014-09-02,1710,"ms","LAUCN280870000000003","28087","lowndes",33.51,-88.4,"JAN",3309.54653919409,2718.69,"8.2",0.04552,"0500000US28087","Lowndes County","Mississippi",59953
2014,9,2014-09-02,2030,"wv","LAUCN540390000000003","54039","kanawha",38.38,-81.83,"RLX",16547.7326959704,13593.43,"5.5",0.07146,"0500000US54039","Kanawha County","West Virginia",190167
2015,1,2015-01-26,0,"ca","LAUCN060710000000003","06071","san bernardino",34.1165,-116.4729,"VEF",55225.1341475919,45257.72,"7.2",0.02127,"0500000US06071","San Bernardino County","California",2122545
2015,1,2015-01-30,1120,"nv","LAUCN320030000000003","32003","clark",36.08,-115.15,"VEF",165675.402442776,588350.41,"7.5",0.27821,"0500000US32003","Clark County","Nevada",2109289
2015,1,2015-01-11,1547,"nv","LAUCN320030000000003","32003","clark",36.08,-115.15,"VEF",552251.341475919,588350.41,"7.5",0.27821,"0500000US32003","Clark County","Nevada",2109289
2015,10,2015-10-06,1915,"az","LAUCN040190000000003","04019","pima",32.3226,-110.9747,"TWC",33135.0804885551,27154.63,"5.3",0.02689,"0500000US04019","Pima County","Arizona",1008205
2015,10,2015-10-04,1115,"ga","LAUCN131190000000003","13119","franklin",34.37,-83.25,"GSP",27612.5670737959,22628.86,"5.7",1.01425,"0500000US13119","Franklin County","Georgia",22319
2015,10,2015-10-31,2100,"or","LAUCN410510000000003","41051","multnomah",45.5,-122.43,"PQR",165675.402442776,135773.17,"4.6",0.1718,"0500000US41051","Multnomah County","Oregon",789125
2015,10,2015-10-31,2100,"or","LAUCN410670000000003","41067","washington",45.4851,-122.8127,"PQR",55225.1341475919,45257.72,"4.4",0.0788,"0500000US41067","Washington County","Oregon",572759
2015,10,2015-10-04,815,"sc","LAUCN450010000000003","45001","abbeville",34.09,-82.59,"GSP",27612.5670737959,22628.86,"6.5",0.90762,"0500000US45001","Abbeville County","South Carolina",24971
2015,10,2015-10-04,1000,"sc","LAUCN450870000000003","45087","union",34.71,-81.62,"GSP",5522.51341475919,4525.77,"7.0",0.16293,"0500000US45087","Union County","South Carolina",27775
2015,10,2015-10-22,2245,"tx","LAUCN484890000000003","48489","willacy",26.48,-97.78,"BRO",11045.0268295184,9051.54,"12.9",0.41326,"0500000US48489","Willacy County","Texas",21883
2015,10,2015-10-31,2100,"wa","LAUCN530110000000003","53011","clark",45.58,-122.3293,"PQR",33135.0804885551,27154.63,"5.8",0.0591,"0500000US53011","Clark County","Washington",458394
2015,10,2015-10-10,1900,"wa","LAUCN530330000000003","53033","king",47.7447,-122.3,"SEW",11045.0268295184,9051.54,"4.4",0.00428,"0500000US53033","King County","Washington",2114256
2015,10,2015-10-10,1600,"wa","LAUCN530530000000003","53053","pierce",47.2011,-122.45,"SEW",55225.1341475919,45257.72,"6.0",0.05363,"0500000US53053","Pierce County","Washington",842676
2015,11,2015-11-19,500,"nc","LAUCN370970000000003","37097","iredell",35.91,-80.94,"GSP",22090.0536590368,18103.09,"5.1",0.10657,"0500000US37097","Iredell County","North Carolina",169992
2015,11,2015-11-02,2300,"nc","LAUCN371190000000003","37119","mecklenburg",35.21,-80.82,"GSP",22090.0536590368,18103.09,"5.1",0.01751,"0500000US37119","Mecklenburg County","North Carolina",1033466
2015,11,2015-11-17,1400,"wa","LAUCN530330000000003","53033","king",47.7138,-121.3413,"SEW",220900.536590368,181030.9,"4.6",0.08551,"0500000US53033","King County","Washington",2114256
2015,12,2015-12-03,1600,"ca","LAUCN060630000000003","06063","plumas",39.92,-120.9,"STO",1104.50268295184,905.15,"12.2",0.04917,"0500000US06063","Plumas County","California",18401
2015,12,2015-12-21,1600,"ca","LAUCN060630000000003","06063","plumas",39.92,-120.9,"STO",0,905.15,"12.2",0.04917,"0500000US06063","Plumas County","California",18401
2015,12,2015-12-17,100,"or","LAUCN410410000000003","41041","lincoln",44.9011,-124.02,"PQR",1369583.32686028,1122391.56,"6.4",23.86138,"0500000US41041","Lincoln County","Oregon",46936
2015,12,2015-12-07,845,"or","LAUCN410430000000003","41043","linn",44.4409,-122.7873,"PQR",1140951.27148925,935024.58,"6.0",7.75651,"0500000US41043","Linn County","Oregon",120444
2015,12,2015-12-08,0,"or","LAUCN410510000000003","41051","multnomah",45.45,-122.72,"PQR",685896.166113091,1827506.89,"4.1",2.31244,"0500000US41051","Multnomah County","Oregon",789125
2015,12,2015-12-17,1900,"or","LAUCN410510000000003","41051","multnomah",45.5902,-122.5854,"PQR",343500.334398022,1827506.89,"4.1",2.31244,"0500000US41051","Multnomah County","Oregon",789125
2015,12,2015-12-07,1700,"or","LAUCN410510000000003","41051","multnomah",45.5223,-122.3046,"PQR",1200594.41636865,1827506.89,"4.1",2.31244,"0500000US41051","Multnomah County","Oregon",789125
2015,12,2015-12-07,1700,"or","LAUCN410570000000003","41057","tillamook",45.72,-123.9,"PQR",242990.590249404,199133.99,"5.6",7.7626,"0500000US41057","Tillamook County","Oregon",25613
2015,12,2015-12-07,1900,"or","LAUCN410710000000003","41071","yamhill",45.22,-123.2,"PQR",827272.509530926,810113.26,"4.8",7.8913,"0500000US41071","Yamhill County","Oregon",102505
2015,12,2015-12-08,200,"or","LAUCN410710000000003","41071","yamhill",45.1,-123.2565,"PQR",161257.391710968,810113.26,"4.8",7.8913,"0500000US41071","Yamhill County","Oregon",102505
2015,12,2015-12-07,2000,"wa","LAUCN530110000000003","53011","clark",45.67,-122.68,"PQR",1967119.27833722,1612080.13,"6.2",3.50837,"0500000US53011","Clark County","Washington",458394
2015,12,2015-12-08,400,"wa","LAUCN530150000000003","53015","cowlitz",46.0993,-122.8857,"PQR",2317246.62883295,1899014.1,"7.8",18.35364,"0500000US53015","Cowlitz County","Washington",103378
2015,12,2015-12-07,2000,"wa","LAUCN530590000000003","53059","skamania",45.72,-121.82,"PQR",141376.343417835,115859.77,"7.7",10.21781,"0500000US53059","Skamania County","Washington",11309
2015,12,2015-12-13,1100,"wi","LAUCN550090000000003","55009","brown",44.4859,-88.1318,"GRB",27612.5670737959,22628.86,"3.6",0.08747,"0500000US55009","Brown County","Wisconsin",258520
2015,2,2015-02-08,1630,"ca","LAUCN060970000000003","06097","sonoma",38.4668,-123.1571,"MTR",27612.5670737959,22628.86,"5.0",0.04506,"0500000US06097","Sonoma County","California",501474
2015,2,2015-02-09,1202,"ca","LAUCN060970000000003","06097","sonoma",38.61,-123.02,"MTR",0,22628.86,"5.0",0.04506,"0500000US06097","Sonoma County","California",501474
2015,3,2015-03-01,320,"ca","LAUCN060290000000003","06029","kern",35.13,-119.48,"HNX",11045.0268295184,9051.54,"11.7",0.01026,"0500000US06029","Kern County","California",879497
2015,3,2015-03-01,630,"ca","LAUCN060290000000003","06029","kern",35.53,-118.67,"HNX",0,9051.54,"11.7",0.01026,"0500000US06029","Kern County","California",879497
2015,3,2015-03-13,2200,"il","LAUCN170770000000003","17077","jackson",37.77,-89.33,"PAH",33135.0804885551,27154.63,"5.3",0.45744,"0500000US17077","Jackson County","Illinois",59220
2015,3,2015-03-15,1600,"or","LAUCN410510000000003","41051","multnomah",45.53,-122.7017,"PQR",6627.01609771103,5430.93,"5.2",0.00687,"0500000US41051","Multnomah County","Oregon",789125
2015,3,2015-03-15,2000,"wa","LAUCN530090000000003","53009","clallam",48.08,-123.1,"SEW",33135.0804885551,27154.63,"8.6",0.36952,"0500000US53009","Clallam County","Washington",73522
2015,4,2015-04-09,1044,"wi","LAUCN550890000000003","55089","ozaukee",43.4123,-87.8708,"MKX",38657.5939033143,31680.41,"3.5",0.36062,"0500000US55089","Ozaukee County","Wisconsin",87909
2015,5,2015-05-19,2055,"la","LAUCN220450000000003","22045","iberia",30.0444,-91.7332,"LCH",0,0,"8.4",0,"0500000US22045","Iberia Parish","Louisiana",73953
2015,5,2015-05-27,1155,"mi","LAUCN261030000000003","26103","marquette",46.3862,-87.2407,"MQT",33135.0804885551,54309.26,"6.5",0.80799,"0500000US26103","Marquette County","Michigan",67305
2015,5,2015-05-29,2030,"mi","LAUCN261030000000003","26103","marquette",46.4875,-87.2322,"MQT",33135.0804885551,54309.26,"6.5",0.80799,"0500000US26103","Marquette County","Michigan",67305
2015,5,2015-05-24,2100,"tx","LAUCN481130000000003","48113","dallas",32.5752,-96.852,"FWD",0,0,"4.2",0,"0500000US48113","Dallas County","Texas",2545775
2015,5,2015-05-29,20,"wa","LAUCN530170000000003","53017","douglas",48.0083,-119.678,"OTX",5522.51341475919,4525.77,"6.4",0.11165,"0500000US53017","Douglas County","Washington",40565
2015,6,2015-06-01,230,"id","LAUCN160690000000003","16069","nez perce",46.58,-116.7,"OTX",0,90.52,"3.6",0.00226,"0500000US16069","Nez Perce County","Idaho",40146
2015,6,2015-06-01,240,"id","LAUCN160690000000003","16069","nez perce",46.3965,-116.5179,"OTX",110.450268295184,90.52,"3.6",0.00226,"0500000US16069","Nez Perce County","Idaho",40146
2015,6,2015-06-29,345,"mt","LAUCN300230000000003","30023","deer lodge",46.135,-112.962,"MSO",16567.5402442776,13577.32,"4.1",1.48565,"0500000US30023","Deer Lodge County","Montana",9148
2015,6,2015-06-14,2200,"nv","LAUCN320030000000003","32003","clark",36.1002,-115.0406,"VEF",11045.0268295184,9051.54,"7.1",0.00428,"0500000US32003","Clark County","Nevada",2109289
2015,6,2015-06-20,1600,"tx","LAUCN482810000000003","48281","lampasas",31.0555,-98.1785,"FWD",33135.0804885551,27154.63,"4.7",1.31895,"0500000US48281","Lampasas County","Texas",20505
2015,6,2015-06-01,2145,"wv","LAUCN540810000000003","54081","raleigh",37.7872,-81.1888,"RLX",22090.0536590368,18103.09,"7.7",0.23356,"0500000US54081","Raleigh County","West Virginia",77433
2015,6,2015-06-25,210,"wi","LAUCN551110000000003","55111","sauk",43.4599,-89.7656,"MKX",5522.51341475919,4525.77,"4.2",0.07111,"0500000US55111","Sauk County","Wisconsin",63646
2015,7,2015-07-29,1700,"fl","LAUCN121030000000003","12103","pinellas",27.8389,-82.7018,"TBW",0,0,"5.1",0,"0500000US12103","Pinellas County","Florida",948391
2015,7,2015-07-07,1515,"mo","LAUCN290090000000003","29009","barry",36.55,-93.75,"SGF",0,9051.54,"5.3",0.25263,"0500000US29009","Barry County","Missouri",35766
2015,7,2015-07-09,2335,"mo","LAUCN290090000000003","29009","barry",36.92,-93.93,"SGF",0,9051.54,"5.3",0.25263,"0500000US29009","Barry County","Missouri",35766
2015,7,2015-07-10,1336,"mo","LAUCN290090000000003","29009","barry",36.55,-93.75,"SGF",0,9051.54,"5.3",0.25263,"0500000US29009","Barry County","Missouri",35766
2015,7,2015-07-07,1600,"mo","LAUCN290090000000003","29009","barry",36.63,-93.63,"SGF",11045.0268295184,9051.54,"5.3",0.25263,"0500000US29009","Barry County","Missouri",35766
2015,7,2015-07-07,1520,"mo","LAUCN290090000000003","29009","barry",36.64,-93.82,"SGF",0,9051.54,"5.3",0.25263,"0500000US29009","Barry County","Missouri",35766
2015,7,2015-07-04,600,"wv","LAUCN540430000000003","54043","lincoln",37.998,-82.1426,"RLX",0,0,"10.1",0,"0500000US54043","Lincoln County","West Virginia",21370
2015,8,2015-08-29,130,"az","LAUCN040130000000003","04013","maricopa",33.25,-111.73,"PSR",0,181030.9,"5.4",0.04343,"0500000US04013","Maricopa County","Arizona",4161637
2015,8,2015-08-29,300,"az","LAUCN040130000000003","04013","maricopa",33.39,-111.87,"PSR",0,181030.9,"5.4",0.04343,"0500000US04013","Maricopa County","Arizona",4161637
2015,8,2015-08-31,300,"az","LAUCN040130000000003","04013","maricopa",33.4951,-112.0661,"PSR",220900.536590368,181030.9,"5.4",0.04343,"0500000US04013","Maricopa County","Arizona",4161637
2015,8,2015-08-27,0,"az","LAUCN040130000000003","04013","maricopa",33.43,-111.95,"PSR",0,181030.9,"5.4",0.04343,"0500000US04013","Maricopa County","Arizona",4161637
2015,8,2015-08-30,230,"az","LAUCN040130000000003","04013","maricopa",33.42,-112.13,"PSR",0,181030.9,"5.4",0.04343,"0500000US04013","Maricopa County","Arizona",4161637
2015,8,2015-08-03,1433,"fl","LAUCN121010000000003","12101","pasco",28.37,-82.69,"TBW",82837.7012213878,67886.59,"5.8",0.13634,"0500000US12101","Pasco County","Florida",497292
2015,8,2015-08-03,1000,"fl","LAUCN121010000000003","12101","pasco",28.37,-82.69,"TBW",0,67886.59,"5.8",0.13634,"0500000US12101","Pasco County","Florida",497292
2015,8,2015-08-22,2220,"mo","LAUCN290310000000003","29031","cape girardeau",37.3,-89.53,"PAH",5522.51341475919,4525.77,"4.3",0.0576,"0500000US29031","Cape Girardeau County","Missouri",78577
2015,8,2015-08-19,2120,"nc","LAUCN370250000000003","37025","cabarrus",35.37,-80.61,"GSP",5522.51341475919,4525.77,"5.4",0.023,"0500000US37025","Cabarrus County","North Carolina",196508
2015,8,2015-08-10,115,"wv","LAUCN540850000000003","54085","ritchie",39.2131,-81.0409,"RLX",2209.00536590368,1810.31,"6.5",0.18136,"0500000US54085","Ritchie County","West Virginia",9991
2015,9,2015-09-21,1900,"az","LAUCN040190000000003","04019","pima",31.8923,-110.9868,"TWC",4418.01073180735,3620.62,"5.4",0.00358,"0500000US04019","Pima County","Arizona",1008205
2015,9,2015-09-15,1700,"ca","LAUCN060650000000003","06065","riverside",33.881,-117.6169,"SGX",11045.0268295184,9051.54,"6.4",0.00383,"0500000US06065","Riverside County","California",2352892
2015,9,2015-09-04,1650,"sc","LAUCN450630000000003","45063","lexington",34.05,-81.22,"CAE",4418.01073180735,3620.62,"4.7",0.01285,"0500000US45063","Lexington County","South Carolina",281555
2015,9,2015-09-05,519,"sc","LAUCN450630000000003","45063","lexington",33.94,-81.12,"CAE",0,3620.62,"4.7",0.01285,"0500000US45063","Lexington County","South Carolina",281555
2015,9,2015-09-10,2220,"tx","LAUCN480290000000003","48029","bexar",29.4618,-98.5152,"EWX",0,0,"3.8",0,"0500000US48029","Bexar County","Texas",1895482
2015,9,2015-09-10,2220,"tx","LAUCN480290000000003","48029","bexar",29.5021,-98.4874,"EWX",0,0,"3.8",0,"0500000US48029","Bexar County","Texas",1895482
2015,9,2015-09-03,1700,"wa","LAUCN530550000000003","53055","san juan",48.53,-123.02,"SEW",11045.0268295184,9051.54,"4.0",0.55695,"0500000US53055","San Juan County","Washington",16234
2016,1,2016-01-07,1900,"az","LAUCN040190000000003","04019","pima",32.238,-110.8927,"TWC",5592.93507474048,0,"5.1",0,"0500000US04019","Pima County","Arizona",1016206
2016,1,2016-01-06,930,"ca","LAUCN060710000000003","06071","san bernardino",34.12,-116.45,"VEF",22371.7402989619,0,"5.8",0,"0500000US06071","San Bernardino County","California",2140096
2016,10,2016-10-17,2100,"or","LAUCN410050000000003","41005","clackamas",45.4395,-122.583,"PQR",16778.8052242214,0,"4.2",0,"0500000US41005","Clackamas County","Oregon",408062
2016,10,2016-10-14,1400,"or","LAUCN410410000000003","41041","lincoln",44.309,-124.0993,"PQR",5592.93507474048,0,"5.4",0,"0500000US41041","Lincoln County","Oregon",47806
2016,10,2016-10-15,2230,"or","LAUCN410510000000003","41051","multnomah",45.4697,-122.659,"PQR",5592.93507474048,0,"4.1",0,"0500000US41051","Multnomah County","Oregon",799766
2016,10,2016-10-14,100,"or","LAUCN410510000000003","41051","multnomah",45.5186,-122.6766,"PQR",33557.6104484429,0,"4.1",0,"0500000US41051","Multnomah County","Oregon",799766
2016,10,2016-10-13,1300,"or","LAUCN410570000000003","41057","tillamook",45.45,-123.85,"PQR",5592.93507474048,0,"4.7",0,"0500000US41057","Tillamook County","Oregon",26143
2016,11,2016-11-24,920,"or","LAUCN410070000000003","41007","clatsop",46.1702,-123.4365,"PQR",14541.6311943253,0,"4.4",0,"0500000US41007","Clatsop County","Oregon",38632
2016,12,2016-12-14,200,"ca","LAUCN060230000000003","06023","humboldt",40.3399,-123.8964,"EKA",33557.6104484429,0,"4.4",0,"0500000US06023","Humboldt County","California",136646
2016,12,2016-12-14,200,"ca","LAUCN060230000000003","06023","humboldt",40.123,-123.6618,"EKA",111858.70149481,0,"4.4",0,"0500000US06023","Humboldt County","California",136646
2016,12,2016-12-14,200,"ca","LAUCN060230000000003","06023","humboldt",40.0433,-124.0476,"EKA",223717.402989619,0,"4.4",0,"0500000US06023","Humboldt County","California",136646
2016,12,2016-12-14,200,"ca","LAUCN060230000000003","06023","humboldt",40.163,-123.6434,"EKA",67115.2208968858,0,"4.4",0,"0500000US06023","Humboldt County","California",136646
2016,12,2016-12-14,200,"ca","LAUCN060230000000003","06023","humboldt",40.0378,-124.0589,"EKA",1677880.52242214,0,"4.4",0,"0500000US06023","Humboldt County","California",136646
2016,12,2016-12-14,200,"ca","LAUCN060230000000003","06023","humboldt",40.1574,-124.0798,"EKA",1118587.0149481,0,"4.4",0,"0500000US06023","Humboldt County","California",136646
2016,2,2016-02-24,1000,"oh","LAUCN390610000000003","39061","hamilton",39.23,-84.37,"ILN",22371.7402989619,0,"4.6",0,"0500000US39061","Hamilton County","Ohio",809099
2016,3,2016-03-13,1955,"or","LAUCN410390000000003","41039","lane",44.1591,-123.5871,"PQR",22371.7402989619,0,"5.4",0,"0500000US41039","Lane County","Oregon",369519
2016,3,2016-03-08,1600,"tx","LAUCN483090000000003","48309","mclennan",31.5161,-96.9571,"FWD",8948.69611958477,0,"3.9",0,"0500000US48309","McLennan County","Texas",247934
2016,3,2016-03-09,0,"tx","LAUCN483670000000003","48367","parker",32.9167,-97.7129,"FWD",20134.5662690657,0,"4.1",0,"0500000US48367","Parker County","Texas",129441
2016,5,2016-05-07,900,"ca","LAUCN060710000000003","06071","san bernardino",34.0398,-117.6006,"SGX",33557.6104484429,0,"5.3",0,"0500000US06071","San Bernardino County","California",2140096
2016,5,2016-05-11,600,"tn","LAUCN470370000000003","47037","davidson",36.2154,-86.5918,"OHX",11185.870149481,0,"3.2",0,"0500000US47037","Davidson County","Tennessee",684410
2016,5,2016-05-22,2000,"wv","LAUCN540170000000003","54017","doddridge",39.2738,-80.889,"RLX",1118.5870149481,0,"4.4",0,"0500000US54017","Doddridge County","West Virginia",8413
2016,6,2016-06-21,1900,"ky","LAUCN211270000000003","21127","lawrence",38.1252,-82.6335,"RLX",1118.5870149481,0,"11.3",0,"0500000US21127","Lawrence County","Kentucky",15863
2016,6,2016-06-08,35,"mt","LAUCN300470000000003","30047","lake",47.4422,-114.172,"MSO",1118.5870149481,0,"4.8",0,"0500000US30047","Lake County","Montana",29758
2016,6,2016-06-21,1905,"wv","LAUCN540670000000003","54067","nicholas",38.33,-80.65,"RLX",5592.93507474048,0,"8.4",0,"0500000US54067","Nicholas County","West Virginia",25311
2016,6,2016-06-12,2200,"wv","LAUCN540990000000003","54099","wayne",38.2499,-82.5545,"RLX",5592.93507474048,0,"6.5",0,"0500000US54099","Wayne County","West Virginia",40531
2016,7,2016-07-06,1630,"ga","LAUCN130670000000003","13067","cobb",34.0372,-84.4595,"FFC",22371.7402989619,0,"4.8",0,"0500000US13067","Cobb County","Georgia",748150
2016,7,2016-07-27,2330,"nc","LAUCN370110000000003","37011","avery",36.16,-81.87,"GSP",5592.93507474048,0,"4.8",0,"0500000US37011","Avery County","North Carolina",17516
2016,7,2016-07-16,1930,"nc","LAUCN370350000000003","37035","catawba",35.706,-81.305,"GSP",1118.5870149481,0,"4.9",0,"0500000US37035","Catawba County","North Carolina",156459
2016,7,2016-07-15,2215,"sc","LAUCN450910000000003","45091","york",34.94,-81.03,"GSP",2237.17402989619,0,"4.7",0,"0500000US45091","York County","South Carolina",258526
2016,7,2016-07-03,2153,"tn","LAUCN470350000000003","47035","cumberland",35.952,-85.0837,"OHX",1118.5870149481,0,"6.1",0,"0500000US47035","Cumberland County","Tennessee",58655
2016,7,2016-07-31,0,"va","LAUCN517100000000003","51710","norfolk",36.91,-76.28,"AKQ",22371.7402989619,0,"5.6",0,"0500000US51710","Norfolk city","Virginia",245115
2016,8,2016-08-04,215,"ga","LAUCN130590000000003","13059","clarke",33.9513,-83.4057,"FFC",55929.3507474048,0,"5.9",0,"0500000US13059","Clarke County","Georgia",124707
2016,8,2016-08-04,215,"ga","LAUCN130590000000003","13059","clarke",33.919,-83.3856,"FFC",111858.70149481,0,"5.9",0,"0500000US13059","Clarke County","Georgia",124707
2016,8,2016-08-17,200,"ga","LAUCN130590000000003","13059","clarke",33.9014,-83.3833,"FFC",1118.5870149481,0,"5.9",0,"0500000US13059","Clarke County","Georgia",124707
2016,8,2016-08-24,1400,"ks","LAUCN201410000000003","20141","osborne",39.45,-98.71,"GID",0,0,"4.1",0,"0500000US20141","Osborne County","Kansas",3642
2016,8,2016-08-30,2300,"ks","LAUCN201410000000003","20141","osborne",39.27,-98.82,"GID",5592.93507474048,0,"4.1",0,"0500000US20141","Osborne County","Kansas",3642
2016,8,2016-08-10,30,"mi","LAUCN260610000000003","26061","houghton",47.13,-88.62,"MQT",2237.17402989619,0,"5.9",0,"0500000US26061","Houghton County","Michigan",36555
2016,8,2016-08-13,2200,"oh","LAUCN390910000000003","39091","logan",40.3506,-83.7734,"ILN",3355.76104484429,0,"4.1",0,"0500000US39091","Logan County","Ohio",45165
2016,8,2016-08-01,145,"sc","LAUCN450790000000003","45079","richland",34.0327,-80.9794,"CAE",0,0,"5.0",0,"0500000US45079","Richland County","South Carolina",409549
2016,8,2016-08-01,0,"sc","LAUCN450790000000003","45079","richland",33.97,-81,"CAE",0,0,"5.0",0,"0500000US45079","Richland County","South Carolina",409549
2016,8,2016-08-01,0,"sc","LAUCN450790000000003","45079","richland",33.9916,-81.0241,"CAE",0,0,"5.0",0,"0500000US45079","Richland County","South Carolina",409549
2016,8,2016-08-01,15,"sc","LAUCN450790000000003","45079","richland",34.0013,-81.0137,"CAE",1118587.0149481,0,"5.0",0,"0500000US45079","Richland County","South Carolina",409549
2016,8,2016-08-18,250,"wi","LAUCN551050000000003","55105","rock",42.6764,-89.0081,"MKX",16778.8052242214,0,"4.5",0,"0500000US55105","Rock County","Wisconsin",161620
2016,9,2016-09-10,600,"tx","LAUCN484870000000003","48487","wilbarger",34.15,-99.29,"OUN",33557.6104484429,0,"4.9",0,"0500000US48487","Wilbarger County","Texas",12892
2016,9,2016-09-07,2135,"wi","LAUCN551050000000003","55105","rock",42.8302,-89.0289,"MKX",1118.5870149481,0,"4.3",0,"0500000US55105","Rock County","Wisconsin",161620
